AE000041196,                  "SHARJAH INT. AIRPORT",  25.3000,   55.5000,    34.0,193305,     0, , ,R,105771
AE000041196,                  "SHARJAH INT. AIRPORT",  25.3000,   55.5000,    34.0,193306,     0, , ,R,105771
AE000041196,                  "SHARJAH INT. AIRPORT",  25.3000,   55.5000,    34.0,193307,     0, , ,R,105771
AE000041196,                  "SHARJAH INT. AIRPORT",  25.3000,   55.5000,    34.0,193308,     0, , ,R,105771
AE000041196,                  "SHARJAH INT. AIRPORT",  25.3000,   55.5000,    34.0,193309,     0, , ,R,105771
AE000041196,                  "SHARJAH INT. AIRPORT",  25.3000,   55.5000,    34.0,193310,     0, , ,R,105771
AE000041196,                  "SHARJAH INT. AIRPORT",  25.3000,   55.5000,    34.0,193311,     0, , ,R,105771
AE000041196,                  "SHARJAH INT. AIRPORT",  25.3000,   55.5000,    34.0,193312,     0, , ,R,105771
AE000041196,                  "SHARJAH INT. AIRPORT",  25.3000,   55.5000,    34.0,193401,   104, , ,R,105771
AE000041196,                  "SHARJAH INT. AIRPORT",  25.3000,   55.5000,    34.0,193402,     0, , ,R,105771
AE000041196,                  "SHARJAH INT. AIRPORT",  25.3000,   55.5000,    34.0,193403,   478, , ,R,105771
AE000041196,                  "SHARJAH INT. AIRPORT",  25.3000,   55.5000,    34.0,193404,     0, , ,R,105771
AE000041196,                  "SHARJAH INT. AIRPORT",  25.3000,   55.5000,    34.0,193405,     0, , ,R,105771
AE000041196,                  "SHARJAH INT. AIRPORT",  25.3000,   55.5000,    34.0,193406,     0, , ,R,105771
AE000041196,                  "SHARJAH INT. AIRPORT",  25.3000,   55.5000,    34.0,193407,     0, , ,R,105771
AE000041196,                  "SHARJAH INT. AIRPORT",  25.3000,   55.5000,    34.0,193408,     0, , ,R,105771
AE000041196,                  "SHARJAH INT. AIRPORT",  25.3000,   55.5000,    34.0,193409,     0, , ,R,105771
AE000041196,                  "SHARJAH INT. AIRPORT",  25.3000,   55.5000,    34.0,193410,     0, , ,R,105771
AE000041196,                  "SHARJAH INT. AIRPORT",  25.3000,   55.5000,    34.0,193411,     5, , ,R,105771
AE000041196,                  "SHARJAH INT. AIRPORT",  25.3000,   55.5000,    34.0,193412,   452, , ,R,105771
AE000041196,                  "SHARJAH INT. AIRPORT",  25.3000,   55.5000,    34.0,193501,    20, , ,R,105771
AE000041196,                  "SHARJAH INT. AIRPORT",  25.3000,   55.5000,    34.0,193502,  1057, , ,R,105771
AE000041196,                  "SHARJAH INT. AIRPORT",  25.3000,   55.5000,    34.0,193503,     0, , ,R,105771
AE000041196,                  "SHARJAH INT. AIRPORT",  25.3000,   55.5000,    34.0,193504,     0, , ,R,105771
AE000041196,                  "SHARJAH INT. AIRPORT",  25.3000,   55.5000,    34.0,193505,     0, , ,R,105771
AE000041196,                  "SHARJAH INT. AIRPORT",  25.3000,   55.5000,    34.0,193506,     0, , ,R,105771
AE000041196,                  "SHARJAH INT. AIRPORT",  25.3000,   55.5000,    34.0,193507,     0, , ,R,105771
AE000041196,                  "SHARJAH INT. AIRPORT",  25.3000,   55.5000,    34.0,193508,     0, , ,R,105771
AE000041196,                  "SHARJAH INT. AIRPORT",  25.3000,   55.5000,    34.0,193509,     0, , ,R,105771
AE000041196,                  "SHARJAH INT. AIRPORT",  25.3000,   55.5000,    34.0,193510,     0, , ,R,105771
AE000041196,                  "SHARJAH INT. AIRPORT",  25.3000,   55.5000,    34.0,193511,     0, , ,R,105771
AE000041196,                  "SHARJAH INT. AIRPORT",  25.3000,   55.5000,    34.0,193512,    41, , ,R,105771
AE000041196,                  "SHARJAH INT. AIRPORT",  25.3000,   55.5000,    34.0,193601,   480, , ,R,105771
AE000041196,                  "SHARJAH INT. AIRPORT",  25.3000,   55.5000,    34.0,193602,     5, , ,R,105771
AE000041196,                  "SHARJAH INT. AIRPORT",  25.3000,   55.5000,    34.0,193603,    18, , ,R,105771
AE000041196,                  "SHARJAH INT. AIRPORT",  25.3000,   55.5000,    34.0,193604,    28, , ,R,105771
AE000041196,                  "SHARJAH INT. AIRPORT",  25.3000,   55.5000,    34.0,193605,     0, , ,R,105771
AE000041196,                  "SHARJAH INT. AIRPORT",  25.3000,   55.5000,    34.0,193606,     0, , ,R,105771
AE000041196,                  "SHARJAH INT. AIRPORT",  25.3000,   55.5000,    34.0,193607,     0, , ,R,105771
AE000041196,                  "SHARJAH INT. AIRPORT",  25.3000,   55.5000,    34.0,193608,     0, , ,R,105771
AE000041196,                  "SHARJAH INT. AIRPORT",  25.3000,   55.5000,    34.0,193609,     0, , ,R,105771
AE000041196,                  "SHARJAH INT. AIRPORT",  25.3000,   55.5000,    34.0,193610,     0, , ,R,105771
AE000041196,                  "SHARJAH INT. AIRPORT",  25.3000,   55.5000,    34.0,193611,  1128, , ,R,105771
AE000041196,                  "SHARJAH INT. AIRPORT",  25.3000,   55.5000,    34.0,193612,   630, , ,R,105771
AE000041196,                  "SHARJAH INT. AIRPORT",  25.3000,   55.5000,    34.0,193701,    10, , ,R,105771
AE000041196,                  "SHARJAH INT. AIRPORT",  25.3000,   55.5000,    34.0,193702,   249, , ,R,105771
AE000041196,                  "SHARJAH INT. AIRPORT",  25.3000,   55.5000,    34.0,193703,   160, , ,R,105771
AE000041196,                  "SHARJAH INT. AIRPORT",  25.3000,   55.5000,    34.0,193704,     0, , ,R,105771
AE000041196,                  "SHARJAH INT. AIRPORT",  25.3000,   55.5000,    34.0,193705,     0, , ,R,105771
AE000041196,                  "SHARJAH INT. AIRPORT",  25.3000,   55.5000,    34.0,193706,     0, , ,R,105771
AE000041196,                  "SHARJAH INT. AIRPORT",  25.3000,   55.5000,    34.0,193707,     0, , ,R,105771
AE000041196,                  "SHARJAH INT. AIRPORT",  25.3000,   55.5000,    34.0,193708,     0, , ,R,105771
AE000041196,                  "SHARJAH INT. AIRPORT",  25.3000,   55.5000,    34.0,193709,     0, , ,R,105771
AE000041196,                  "SHARJAH INT. AIRPORT",  25.3000,   55.5000,    34.0,193710,     0, , ,R,105771
AE000041196,                  "SHARJAH INT. AIRPORT",  25.3000,   55.5000,    34.0,193711,     0, , ,R,105771
AE000041196,                  "SHARJAH INT. AIRPORT",  25.3000,   55.5000,    34.0,193712,   338, , ,R,105771
AE000041196,                  "SHARJAH INT. AIRPORT",  25.3000,   55.5000,    34.0,193801,   307, , ,R,105771
AE000041196,                  "SHARJAH INT. AIRPORT",  25.3000,   55.5000,    34.0,193802,    48, , ,R,105771
AE000041196,                  "SHARJAH INT. AIRPORT",  25.3000,   55.5000,    34.0,193803,     0, , ,R,105771
AE000041196,                  "SHARJAH INT. AIRPORT",  25.3000,   55.5000,    34.0,193804,     0, , ,R,105771
AE000041196,                  "SHARJAH INT. AIRPORT",  25.3000,   55.5000,    34.0,193805,     0, , ,R,105771
AE000041196,                  "SHARJAH INT. AIRPORT",  25.3000,   55.5000,    34.0,193806,     0, , ,R,105771
AE000041196,                  "SHARJAH INT. AIRPORT",  25.3000,   55.5000,    34.0,193807,     0, , ,R,105771
AE000041196,                  "SHARJAH INT. AIRPORT",  25.3000,   55.5000,    34.0,193808,     0, , ,R,105771
AE000041196,                  "SHARJAH INT. AIRPORT",  25.3000,   55.5000,    34.0,193809,     0, , ,R,105771
AE000041196,                  "SHARJAH INT. AIRPORT",  25.3000,   55.5000,    34.0,193810,     0, , ,R,105771
AE000041196,                  "SHARJAH INT. AIRPORT",  25.3000,   55.5000,    34.0,193811,     0, , ,R,105771
AE000041196,                  "SHARJAH INT. AIRPORT",  25.3000,   55.5000,    34.0,193812,   224, , ,R,105771
AE000041196,                  "SHARJAH INT. AIRPORT",  25.3000,   55.5000,    34.0,193901,   587, , ,R,105771
AE000041196,                  "SHARJAH INT. AIRPORT",  25.3000,   55.5000,    34.0,193902,   358, , ,R,105771
AE000041196,                  "SHARJAH INT. AIRPORT",  25.3000,   55.5000,    34.0,193903,     8, , ,R,105771
AE000041196,                  "SHARJAH INT. AIRPORT",  25.3000,   55.5000,    34.0,193904,   114, , ,R,105771
AE000041196,                  "SHARJAH INT. AIRPORT",  25.3000,   55.5000,    34.0,193905,     0, , ,R,105771
AE000041196,                  "SHARJAH INT. AIRPORT",  25.3000,   55.5000,    34.0,193906,     0, , ,R,105771
AE000041196,                  "SHARJAH INT. AIRPORT",  25.3000,   55.5000,    34.0,193907,     0, , ,R,105771
AE000041196,                  "SHARJAH INT. AIRPORT",  25.3000,   55.5000,    34.0,193908,     0, , ,R,105771
AE000041196,                  "SHARJAH INT. AIRPORT",  25.3000,   55.5000,    34.0,193909,     0, , ,R,105771
AE000041196,                  "SHARJAH INT. AIRPORT",  25.3000,   55.5000,    34.0,193910,     0, , ,R,105771
AE000041196,                  "SHARJAH INT. AIRPORT",  25.3000,   55.5000,    34.0,193911,     0, , ,R,105771
AE000041196,                  "SHARJAH INT. AIRPORT",  25.3000,   55.5000,    34.0,193912,     8, , ,R,105771
AE000041196,                  "SHARJAH INT. AIRPORT",  25.3000,   55.5000,    34.0,194001,   460, , ,R,105771
AE000041196,                  "SHARJAH INT. AIRPORT",  25.3000,   55.5000,    34.0,194002,    66, , ,R,105771
AE000041196,                  "SHARJAH INT. AIRPORT",  25.3000,   55.5000,    34.0,194003,    71, , ,R,105771
AE000041196,                  "SHARJAH INT. AIRPORT",  25.3000,   55.5000,    34.0,194004,     0, , ,R,105771
AE000041196,                  "SHARJAH INT. AIRPORT",  25.3000,   55.5000,    34.0,194005,     0, , ,R,105771
AE000041196,                  "SHARJAH INT. AIRPORT",  25.3000,   55.5000,    34.0,194006,     0, , ,R,105771
AE000041196,                  "SHARJAH INT. AIRPORT",  25.3000,   55.5000,    34.0,194007,     0, , ,R,105771
AE000041196,                  "SHARJAH INT. AIRPORT",  25.3000,   55.5000,    34.0,194008,     0, , ,R,105771
AE000041196,                  "SHARJAH INT. AIRPORT",  25.3000,   55.5000,    34.0,194009,     0, , ,R,105771
AE000041196,                  "SHARJAH INT. AIRPORT",  25.3000,   55.5000,    34.0,194010,     0, , ,R,105771
AE000041196,                  "SHARJAH INT. AIRPORT",  25.3000,   55.5000,    34.0,194011,   203, , ,R,105771
AE000041196,                  "SHARJAH INT. AIRPORT",  25.3000,   55.5000,    34.0,194012,     0, , ,R,105771
AE000041196,                  "SHARJAH INT. AIRPORT",  25.3000,   55.5000,    34.0,194101,     0, , ,R,105771
AE000041196,                  "SHARJAH INT. AIRPORT",  25.3000,   55.5000,    34.0,194102,    18, , ,R,105771
AE000041196,                  "SHARJAH INT. AIRPORT",  25.3000,   55.5000,    34.0,194103,   259, , ,R,105771
AE000041196,                  "SHARJAH INT. AIRPORT",  25.3000,   55.5000,    34.0,194104,   302, , ,R,105771
AE000041196,                  "SHARJAH INT. AIRPORT",  25.3000,   55.5000,    34.0,194105,     0, , ,R,105771
AE000041196,                  "SHARJAH INT. AIRPORT",  25.3000,   55.5000,    34.0,194106,     0, , ,R,105771
AE000041196,                  "SHARJAH INT. AIRPORT",  25.3000,   55.5000,    34.0,194107,     0, , ,R,105771
AE000041196,                  "SHARJAH INT. AIRPORT",  25.3000,   55.5000,    34.0,194108,     0, , ,R,105771
AE000041196,                  "SHARJAH INT. AIRPORT",  25.3000,   55.5000,    34.0,194109,     0, , ,R,105771
AE000041196,                  "SHARJAH INT. AIRPORT",  25.3000,   55.5000,    34.0,194110,     0, , ,R,105771
AE000041196,                  "SHARJAH INT. AIRPORT",  25.3000,   55.5000,    34.0,194111,     0, , ,R,105771
AE000041196,                  "SHARJAH INT. AIRPORT",  25.3000,   55.5000,    34.0,194112,     0, , ,R,105771
AE000041196,                  "SHARJAH INT. AIRPORT",  25.3000,   55.5000,    34.0,194201,    10, , ,R,105771
AE000041196,                  "SHARJAH INT. AIRPORT",  25.3000,   55.5000,    34.0,194202,   411, , ,R,105771
AE000041196,                  "SHARJAH INT. AIRPORT",  25.3000,   55.5000,    34.0,194203,     0, , ,R,105771
AE000041196,                  "SHARJAH INT. AIRPORT",  25.3000,   55.5000,    34.0,194204,     0, , ,R,105771
AE000041196,                  "SHARJAH INT. AIRPORT",  25.3000,   55.5000,    34.0,194205,     0, , ,R,105771
AE000041196,                  "SHARJAH INT. AIRPORT",  25.3000,   55.5000,    34.0,194206,     0, , ,R,105771
AE000041196,                  "SHARJAH INT. AIRPORT",  25.3000,   55.5000,    34.0,194207,     0, , ,R,105771
AE000041196,                  "SHARJAH INT. AIRPORT",  25.3000,   55.5000,    34.0,194208,     0, , ,R,105771
AE000041196,                  "SHARJAH INT. AIRPORT",  25.3000,   55.5000,    34.0,194209,     0, , ,R,105771
AE000041196,                  "SHARJAH INT. AIRPORT",  25.3000,   55.5000,    34.0,194210,     0, , ,R,105771
AE000041196,                  "SHARJAH INT. AIRPORT",  25.3000,   55.5000,    34.0,194211,     0, , ,R,105771
AE000041196,                  "SHARJAH INT. AIRPORT",  25.3000,   55.5000,    34.0,194212,   127, , ,R,105771
AE000041196,                  "SHARJAH INT. AIRPORT",  25.3000,   55.5000,    34.0,194301,   531, , ,R,105771
AE000041196,                  "SHARJAH INT. AIRPORT",  25.3000,   55.5000,    34.0,194302,   617, , ,R,105771
AE000041196,                  "SHARJAH INT. AIRPORT",  25.3000,   55.5000,    34.0,194303,   165, , ,R,105771
AE000041196,                  "SHARJAH INT. AIRPORT",  25.3000,   55.5000,    34.0,194304,    41, , ,R,105771
AE000041196,                  "SHARJAH INT. AIRPORT",  25.3000,   55.5000,    34.0,194305,     0, , ,R,105771
AE000041196,                  "SHARJAH INT. AIRPORT",  25.3000,   55.5000,    34.0,194306,     0, , ,R,105771
AE000041196,                  "SHARJAH INT. AIRPORT",  25.3000,   55.5000,    34.0,194307,     0, , ,R,105771
AE000041196,                  "SHARJAH INT. AIRPORT",  25.3000,   55.5000,    34.0,194308,     0, , ,R,105771
AE000041196,                  "SHARJAH INT. AIRPORT",  25.3000,   55.5000,    34.0,194309,     0, , ,R,105771
AE000041196,                  "SHARJAH INT. AIRPORT",  25.3000,   55.5000,    34.0,194310,     0, , ,R,105771
AE000041196,                  "SHARJAH INT. AIRPORT",  25.3000,   55.5000,    34.0,194311,     0, , ,R,105771
AE000041196,                  "SHARJAH INT. AIRPORT",  25.3000,   55.5000,    34.0,194312,   914, , ,R,105771
AE000041196,                  "SHARJAH INT. AIRPORT",  25.3000,   55.5000,    34.0,194401,     0, , ,R,105771
AE000041196,                  "SHARJAH INT. AIRPORT",  25.3000,   55.5000,    34.0,194402,    23, , ,R,105771
AE000041196,                  "SHARJAH INT. AIRPORT",  25.3000,   55.5000,    34.0,194403,     0, , ,R,105771
AE000041196,                   "SHARJAH INTER. AIRP",  25.3330,   55.5170,    34.0,194404,     0, , ,D,000003
AE000041196,                   "SHARJAH INTER. AIRP",  25.3330,   55.5170,    34.0,194405,     0, , ,D,000003
AE000041196,                   "SHARJAH INTER. AIRP",  25.3330,   55.5170,    34.0,194406,     0, , ,D,000003
AE000041196,                   "SHARJAH INTER. AIRP",  25.3330,   55.5170,    34.0,194407,     0, , ,D,000003
AE000041196,                   "SHARJAH INTER. AIRP",  25.3330,   55.5170,    34.0,194408,     0, , ,D,000003
AE000041196,                   "SHARJAH INTER. AIRP",  25.3330,   55.5170,    34.0,194409,     0, , ,D,000003
AE000041196,                   "SHARJAH INTER. AIRP",  25.3330,   55.5170,    34.0,194410,     0, , ,D,000003
AE000041196,                   "SHARJAH INTER. AIRP",  25.3330,   55.5170,    34.0,194411,   269, , ,D,000003
AE000041196,                   "SHARJAH INTER. AIRP",  25.3330,   55.5170,    34.0,194412,  1509, , ,D,000003
AE000041196,                   "SHARJAH INTER. AIRP",  25.3330,   55.5170,    34.0,194501,   432, , ,D,000003
AE000041196,                   "SHARJAH INTER. AIRP",  25.3330,   55.5170,    34.0,194502,     0, , ,D,000003
AE000041196,                   "SHARJAH INTER. AIRP",  25.3330,   55.5170,    34.0,194503,     5, , ,D,000003
AE000041196,                   "SHARJAH INTER. AIRP",  25.3330,   55.5170,    34.0,194504,     0, , ,D,000003
AE000041196,                   "SHARJAH INTER. AIRP",  25.3330,   55.5170,    34.0,194505,     0, , ,D,000003
AE000041196,                   "SHARJAH INTER. AIRP",  25.3330,   55.5170,    34.0,194506,     0, , ,D,000003
AE000041196,                   "SHARJAH INTER. AIRP",  25.3330,   55.5170,    34.0,194507,     0, , ,D,000003
AE000041196,                   "SHARJAH INTER. AIRP",  25.3330,   55.5170,    34.0,194508,     0, , ,D,000003
AE000041196,                  "SHARJAH INT. AIRPORT",  25.3000,   55.5000,    34.0,194509,     0, , ,R,105771
AE000041196,                  "SHARJAH INT. AIRPORT",  25.3000,   55.5000,    34.0,194510,     0, , ,R,105771
AE000041196,                  "SHARJAH INT. AIRPORT",  25.3000,   55.5000,    34.0,194511,     0, , ,R,105771
AE000041196,                  "SHARJAH INT. AIRPORT",  25.3000,   55.5000,    34.0,194512,    25, , ,R,105771
AE000041196,                  "SHARJAH INT. AIRPORT",  25.3000,   55.5000,    34.0,194601,     0, , ,R,105771
AE000041196,                  "SHARJAH INT. AIRPORT",  25.3000,   55.5000,    34.0,194602,     0, , ,R,105771
AE000041196,                  "SHARJAH INT. AIRPORT",  25.3000,   55.5000,    34.0,194603,    69, , ,R,105771
AE000041196,                  "SHARJAH INT. AIRPORT",  25.3000,   55.5000,    34.0,194604,     0, , ,R,105771
AE000041196,                  "SHARJAH INT. AIRPORT",  25.3000,   55.5000,    34.0,194605,     0, , ,R,105771
AE000041196,                  "SHARJAH INT. AIRPORT",  25.3000,   55.5000,    34.0,194606,     0, , ,R,105771
AE000041196,                  "SHARJAH INT. AIRPORT",  25.3000,   55.5000,    34.0,194607,     0, , ,R,105771
AE000041196,                  "SHARJAH INT. AIRPORT",  25.3000,   55.5000,    34.0,194608,     0, , ,R,105771
AE000041196,                  "SHARJAH INT. AIRPORT",  25.3000,   55.5000,    34.0,194609,     0, , ,R,105771
AE000041196,                  "SHARJAH INT. AIRPORT",  25.3000,   55.5000,    34.0,194610,     0, , ,R,105771
AE000041196,                  "SHARJAH INT. AIRPORT",  25.3000,   55.5000,    34.0,194611,     0, , ,R,105771
AE000041196,                  "SHARJAH INT. AIRPORT",  25.3000,   55.5000,    34.0,194612,     0, , ,R,105771
AE000041196,                  "SHARJAH INT. AIRPORT",  25.3000,   55.5000,    34.0,194701,   272, , ,R,105771
AE000041196,                  "SHARJAH INT. AIRPORT",  25.3000,   55.5000,    34.0,194702,    69, , ,R,105771
AE000041196,                  "SHARJAH INT. AIRPORT",  25.3000,   55.5000,    34.0,194703,   241, , ,R,105771
AE000041196,                  "SHARJAH INT. AIRPORT",  25.3000,   55.5000,    34.0,194704,     0, , ,R,105771
AE000041196,                  "SHARJAH INT. AIRPORT",  25.3000,   55.5000,    34.0,194705,     0, , ,R,105771
AE000041196,                  "SHARJAH INT. AIRPORT",  25.3000,   55.5000,    34.0,194706,     0, , ,R,105771
AE000041196,                  "SHARJAH INT. AIRPORT",  25.3000,   55.5000,    34.0,194707,     0, , ,R,105771
AE000041196,                  "SHARJAH INT. AIRPORT",  25.3000,   55.5000,    34.0,194801,     0, , ,R,105771
AE000041196,                  "SHARJAH INT. AIRPORT",  25.3000,   55.5000,    34.0,194802,   406, , ,R,105771
AE000041196,                  "SHARJAH INT. AIRPORT",  25.3000,   55.5000,    34.0,194803,    51, , ,R,105771
AE000041196,                  "SHARJAH INT. AIRPORT",  25.3000,   55.5000,    34.0,194804,     0, , ,R,105771
AE000041196,                  "SHARJAH INT. AIRPORT",  25.3000,   55.5000,    34.0,194805,     0, , ,R,105771
AE000041196,                  "SHARJAH INT. AIRPORT",  25.3000,   55.5000,    34.0,194806,     0, , ,R,105771
AE000041196,                  "SHARJAH INT. AIRPORT",  25.3000,   55.5000,    34.0,194909,     0, , ,R,105771
AE000041196,                  "SHARJAH INT. AIRPORT",  25.3000,   55.5000,    34.0,194910,     0, , ,R,105771
AE000041196,                  "SHARJAH INT. AIRPORT",  25.3000,   55.5000,    34.0,194911,   450, , ,R,105771
AE000041196,                  "SHARJAH INT. AIRPORT",  25.3000,   55.5000,    34.0,194912,    89, , ,R,105771
AE000041196,                  "SHARJAH INT. AIRPORT",  25.3000,   55.5000,    34.0,195001,   185, , ,R,105771
AE000041196,                  "SHARJAH INT. AIRPORT",  25.3000,   55.5000,    34.0,195002,    20, , ,R,105771
AE000041196,                  "SHARJAH INT. AIRPORT",  25.3000,   55.5000,    34.0,195003,    99, , ,R,105771
AE000041196,                  "SHARJAH INT. AIRPORT",  25.3000,   55.5000,    34.0,195004,     0, , ,R,105771
AE000041196,                  "SHARJAH INT. AIRPORT",  25.3000,   55.5000,    34.0,195005,    20, , ,R,105771
AE000041196,                  "SHARJAH INT. AIRPORT",  25.3000,   55.5000,    34.0,195006,     0, , ,R,105771
AE000041196,                  "SHARJAH INT. AIRPORT",  25.3000,   55.5000,    34.0,195007,     3, , ,R,105771
AE000041196,                  "SHARJAH INT. AIRPORT",  25.3000,   55.5000,    34.0,195008,     0, , ,R,105771
AE000041196,                  "SHARJAH INT. AIRPORT",  25.3000,   55.5000,    34.0,195009,     0, , ,R,105771
AE000041196,                  "SHARJAH INT. AIRPORT",  25.3000,   55.5000,    34.0,195010,     0, , ,R,105771
AE000041196,                  "SHARJAH INT. AIRPORT",  25.3000,   55.5000,    34.0,195011,     3, , ,R,105771
AE000041196,                  "SHARJAH INT. AIRPORT",  25.3000,   55.5000,    34.0,195012,    89, , ,R,105771
AE000041196,                  "SHARJAH INT. AIRPORT",  25.3000,   55.5000,    34.0,195101,    10, , ,R,105771
AE000041196,                  "SHARJAH INT. AIRPORT",  25.3000,   55.5000,    34.0,195102,     0, , ,R,105771
AE000041196,                  "SHARJAH INT. AIRPORT",  25.3000,   55.5000,    34.0,195103,   140, , ,R,105771
AE000041196,                  "SHARJAH INT. AIRPORT",  25.3000,   55.5000,    34.0,195104,     0, , ,R,105771
AE000041196,                  "SHARJAH INT. AIRPORT",  25.3000,   55.5000,    34.0,195105,    60, , ,R,105771
AE000041196,                  "SHARJAH INT. AIRPORT",  25.3000,   55.5000,    34.0,195106,     0, , ,R,105771
AE000041196,                  "SHARJAH INT. AIRPORT",  25.3000,   55.5000,    34.0,195107,     0, , ,R,105771
AE000041196,                  "SHARJAH INT. AIRPORT",  25.3000,   55.5000,    34.0,195108,     0, , ,R,105771
AE000041196,                  "SHARJAH INT. AIRPORT",  25.3000,   55.5000,    34.0,195109,     0, , ,R,105771
AE000041196,                  "SHARJAH INT. AIRPORT",  25.3000,   55.5000,    34.0,195110,     0, , ,R,105771
AE000041196,                  "SHARJAH INT. AIRPORT",  25.3000,   55.5000,    34.0,195111,     0, , ,R,105771
AE000041196,                  "SHARJAH INT. AIRPORT",  25.3000,   55.5000,    34.0,195112,   360, , ,R,105771
AE000041196,                  "SHARJAH INT. AIRPORT",  25.3000,   55.5000,    34.0,195201,   650, , ,R,105771
AE000041196,                  "SHARJAH INT. AIRPORT",  25.3000,   55.5000,    34.0,195202,     0, , ,R,105771
AE000041196,                  "SHARJAH INT. AIRPORT",  25.3000,   55.5000,    34.0,195203,    10, , ,R,105771
AE000041196,                  "SHARJAH INT. AIRPORT",  25.3000,   55.5000,    34.0,195204,    20, , ,R,105771
AE000041196,                  "SHARJAH INT. AIRPORT",  25.3000,   55.5000,    34.0,195205,     0, , ,R,105771
AE000041196,                  "SHARJAH INT. AIRPORT",  25.3000,   55.5000,    34.0,195206,     0, , ,R,105771
AE000041196,                  "SHARJAH INT. AIRPORT",  25.3000,   55.5000,    34.0,195207,     0, , ,R,105771
AE000041196,                  "SHARJAH INT. AIRPORT",  25.3000,   55.5000,    34.0,195208,     0, , ,R,105771
AE000041196,                  "SHARJAH INT. AIRPORT",  25.3000,   55.5000,    34.0,195209,     0, , ,R,105771
AE000041196,                  "SHARJAH INT. AIRPORT",  25.3000,   55.5000,    34.0,195210,     0, , ,R,105771
AE000041196,                  "SHARJAH INT. AIRPORT",  25.3000,   55.5000,    34.0,195211,     0, , ,R,105771
AE000041196,                  "SHARJAH INT. AIRPORT",  25.3000,   55.5000,    34.0,195212,   280, , ,R,105771
AE000041196,                  "SHARJAH INT. AIRPORT",  25.3000,   55.5000,    34.0,195301,     0, , ,R,105771
AE000041196,                  "SHARJAH INT. AIRPORT",  25.3000,   55.5000,    34.0,195302,   530, , ,R,105771
AE000041196,                  "SHARJAH INT. AIRPORT",  25.3000,   55.5000,    34.0,195303,    10, , ,R,105771
AE000041196,                  "SHARJAH INT. AIRPORT",  25.3000,   55.5000,    34.0,195304,    20, , ,R,105771
AE000041196,                  "SHARJAH INT. AIRPORT",  25.3000,   55.5000,    34.0,195305,     0, , ,R,105771
AE000041196,                  "SHARJAH INT. AIRPORT",  25.3000,   55.5000,    34.0,195306,     0, , ,R,105771
AE000041196,                  "SHARJAH INT. AIRPORT",  25.3000,   55.5000,    34.0,195307,     0, , ,R,105771
AE000041196,                  "SHARJAH INT. AIRPORT",  25.3000,   55.5000,    34.0,195308,     0, , ,R,105771
AE000041196,                  "SHARJAH INT. AIRPORT",  25.3000,   55.5000,    34.0,195309,     0, , ,R,105771
AE000041196,                  "SHARJAH INT. AIRPORT",  25.3000,   55.5000,    34.0,195310,     0, , ,R,105771
AE000041196,                  "SHARJAH INT. AIRPORT",  25.3000,   55.5000,    34.0,195311,     0, , ,R,105771
AE000041196,                  "SHARJAH INT. AIRPORT",  25.3000,   55.5000,    34.0,195312,    50, , ,R,105771
AE000041196,                  "SHARJAH INT. AIRPORT",  25.3000,   55.5000,    34.0,195401,     0, , ,R,105771
AE000041196,                  "SHARJAH INT. AIRPORT",  25.3000,   55.5000,    34.0,195402,   670, , ,R,105771
AE000041196,                  "SHARJAH INT. AIRPORT",  25.3000,   55.5000,    34.0,195403,   170, , ,R,105771
AE000041196,                  "SHARJAH INT. AIRPORT",  25.3000,   55.5000,    34.0,195404,     0, , ,R,105771
AE000041196,                  "SHARJAH INT. AIRPORT",  25.3000,   55.5000,    34.0,195405,     0, , ,R,105771
AE000041196,                  "SHARJAH INT. AIRPORT",  25.3000,   55.5000,    34.0,195406,     0, , ,R,105771
AE000041196,                  "SHARJAH INT. AIRPORT",  25.3000,   55.5000,    34.0,195407,     0, , ,R,105771
AE000041196,                  "SHARJAH INT. AIRPORT",  25.3000,   55.5000,    34.0,195408,     0, , ,R,105771
AE000041196,                  "SHARJAH INT. AIRPORT",  25.3000,   55.5000,    34.0,195409,     0, , ,R,105771
AE000041196,                  "SHARJAH INT. AIRPORT",  25.3000,   55.5000,    34.0,195410,     0, , ,R,105771
AE000041196,                  "SHARJAH INT. AIRPORT",  25.3000,   55.5000,    34.0,195411,   680, , ,R,105771
AE000041196,                  "SHARJAH INT. AIRPORT",  25.3000,   55.5000,    34.0,195412,     0, , ,R,105771
AE000041196,                  "SHARJAH INT. AIRPORT",  25.3000,   55.5000,    34.0,195501,   880, , ,R,105771
AE000041196,                  "SHARJAH INT. AIRPORT",  25.3000,   55.5000,    34.0,195502,     0, , ,R,105771
AE000041196,                  "SHARJAH INT. AIRPORT",  25.3000,   55.5000,    34.0,195503,   500, , ,R,105771
AE000041196,                  "SHARJAH INT. AIRPORT",  25.3000,   55.5000,    34.0,195504,     0, , ,R,105771
AE000041196,                  "SHARJAH INT. AIRPORT",  25.3000,   55.5000,    34.0,195505,     0, , ,R,105771
AE000041196,                  "SHARJAH INT. AIRPORT",  25.3000,   55.5000,    34.0,195506,     0, , ,R,105771
AE000041196,                  "SHARJAH INT. AIRPORT",  25.3000,   55.5000,    34.0,195507,     0, , ,R,105771
AE000041196,                  "SHARJAH INT. AIRPORT",  25.3000,   55.5000,    34.0,195508,     0, , ,R,105771
AE000041196,                  "SHARJAH INT. AIRPORT",  25.3000,   55.5000,    34.0,195509,     0, , ,R,105771
AE000041196,                  "SHARJAH INT. AIRPORT",  25.3000,   55.5000,    34.0,195510,     0, , ,R,105771
AE000041196,                  "SHARJAH INT. AIRPORT",  25.3000,   55.5000,    34.0,195511,     0, , ,R,105771
AE000041196,                  "SHARJAH INT. AIRPORT",  25.3000,   55.5000,    34.0,195512,   560, , ,R,105771
AE000041196,                  "SHARJAH INT. AIRPORT",  25.3000,   55.5000,    34.0,195601,    70, , ,R,105771
AE000041196,                  "SHARJAH INT. AIRPORT",  25.3000,   55.5000,    34.0,195602,     0, , ,R,105771
AE000041196,                  "SHARJAH INT. AIRPORT",  25.3000,   55.5000,    34.0,195603,    10, , ,R,105771
AE000041196,                  "SHARJAH INT. AIRPORT",  25.3000,   55.5000,    34.0,195604,    10, , ,R,105771
AE000041196,                  "SHARJAH INT. AIRPORT",  25.3000,   55.5000,    34.0,195605,     0, , ,R,105771
AE000041196,                  "SHARJAH INT. AIRPORT",  25.3000,   55.5000,    34.0,195606,     0, , ,R,105771
AE000041196,                  "SHARJAH INT. AIRPORT",  25.3000,   55.5000,    34.0,195607,   160, , ,R,105771
AE000041196,                  "SHARJAH INT. AIRPORT",  25.3000,   55.5000,    34.0,195608,     0, , ,R,105771
AE000041196,                  "SHARJAH INT. AIRPORT",  25.3000,   55.5000,    34.0,195609,    50, , ,R,105771
AE000041196,                  "SHARJAH INT. AIRPORT",  25.3000,   55.5000,    34.0,195610,    10, , ,R,105771
AE000041196,                  "SHARJAH INT. AIRPORT",  25.3000,   55.5000,    34.0,195611,     0, , ,R,105771
AE000041196,                  "SHARJAH INT. AIRPORT",  25.3000,   55.5000,    34.0,195612,    30, , ,R,105771
AE000041196,                  "SHARJAH INT. AIRPORT",  25.3000,   55.5000,    34.0,195701,   950, , ,R,105771
AE000041196,                  "SHARJAH INT. AIRPORT",  25.3000,   55.5000,    34.0,195702,    50, , ,R,105771
AE000041196,                  "SHARJAH INT. AIRPORT",  25.3000,   55.5000,    34.0,195703,    20, , ,R,105771
AE000041196,                  "SHARJAH INT. AIRPORT",  25.3000,   55.5000,    34.0,195704,  1520, , ,R,105771
AE000041196,                  "SHARJAH INT. AIRPORT",  25.3000,   55.5000,    34.0,195705,    10, , ,R,105771
AE000041196,                  "SHARJAH INT. AIRPORT",  25.3000,   55.5000,    34.0,195706,     0, , ,R,105771
AE000041196,                  "SHARJAH INT. AIRPORT",  25.3000,   55.5000,    34.0,195707,     0, , ,R,105771
AE000041196,                  "SHARJAH INT. AIRPORT",  25.3000,   55.5000,    34.0,195708,     0, , ,R,105771
AE000041196,                  "SHARJAH INT. AIRPORT",  25.3000,   55.5000,    34.0,195709,     0, , ,R,105771
AE000041196,                  "SHARJAH INT. AIRPORT",  25.3000,   55.5000,    34.0,195710,     0, , ,R,105771
AE000041196,                  "SHARJAH INT. AIRPORT",  25.3000,   55.5000,    34.0,195711,   770, , ,R,105771
AE000041196,                  "SHARJAH INT. AIRPORT",  25.3000,   55.5000,    34.0,195712,   120, , ,R,105771
AE000041196,                  "SHARJAH INT. AIRPORT",  25.3000,   55.5000,    34.0,195801,   160, , ,R,105771
AE000041196,                  "SHARJAH INT. AIRPORT",  25.3000,   55.5000,    34.0,195802,     0, , ,R,105771
AE000041196,                  "SHARJAH INT. AIRPORT",  25.3000,   55.5000,    34.0,195803,     0, , ,R,105771
AE000041196,                  "SHARJAH INT. AIRPORT",  25.3000,   55.5000,    34.0,195804,     0, , ,R,105771
AE000041196,                  "SHARJAH INT. AIRPORT",  25.3000,   55.5000,    34.0,195805,     0, , ,R,105771
AE000041196,                  "SHARJAH INT. AIRPORT",  25.3000,   55.5000,    34.0,195806,     0, , ,R,105771
AE000041196,                  "SHARJAH INT. AIRPORT",  25.3000,   55.5000,    34.0,195807,    30, , ,R,105771
AE000041196,                  "SHARJAH INT. AIRPORT",  25.3000,   55.5000,    34.0,195808,     0, , ,R,105771
AE000041196,                  "SHARJAH INT. AIRPORT",  25.3000,   55.5000,    34.0,195809,     0, , ,R,105771
AE000041196,                  "SHARJAH INT. AIRPORT",  25.3000,   55.5000,    34.0,195810,     0, , ,R,105771
AE000041196,                  "SHARJAH INT. AIRPORT",  25.3000,   55.5000,    34.0,195811,   190, , ,R,105771
AE000041196,                  "SHARJAH INT. AIRPORT",  25.3000,   55.5000,    34.0,195812,   620, , ,R,105771
AE000041196,                  "SHARJAH INT. AIRPORT",  25.3000,   55.5000,    34.0,195901,   570, , ,R,105771
AE000041196,                  "SHARJAH INT. AIRPORT",  25.3000,   55.5000,    34.0,195902,    40, , ,R,105771
AE000041196,                  "SHARJAH INT. AIRPORT",  25.3000,   55.5000,    34.0,195903,     0, , ,R,105771
AE000041196,                  "SHARJAH INT. AIRPORT",  25.3000,   55.5000,    34.0,195904,     0, , ,R,105771
AE000041196,                  "SHARJAH INT. AIRPORT",  25.3000,   55.5000,    34.0,195905,     0, , ,R,105771
AE000041196,                  "SHARJAH INT. AIRPORT",  25.3000,   55.5000,    34.0,195906,     0, , ,R,105771
AE000041196,                  "SHARJAH INT. AIRPORT",  25.3000,   55.5000,    34.0,195907,     0, , ,R,105771
AE000041196,                  "SHARJAH INT. AIRPORT",  25.3000,   55.5000,    34.0,195908,     0, , ,R,105771
AE000041196,                  "SHARJAH INT. AIRPORT",  25.3000,   55.5000,    34.0,195909,     0, , ,R,105771
AE000041196,                  "SHARJAH INT. AIRPORT",  25.3000,   55.5000,    34.0,195910,     0, , ,R,105771
AE000041196,                  "SHARJAH INT. AIRPORT",  25.3000,   55.5000,    34.0,195911,   120, , ,R,105771
AE000041196,                  "SHARJAH INT. AIRPORT",  25.3000,   55.5000,    34.0,195912,    30, , ,R,105771
AE000041196,                  "SHARJAH INT. AIRPORT",  25.3000,   55.5000,    34.0,196001,    80, , ,R,105771
AE000041196,                  "SHARJAH INT. AIRPORT",  25.3000,   55.5000,    34.0,196002,     0, , ,R,105771
AE000041196,                  "SHARJAH INT. AIRPORT",  25.3000,   55.5000,    34.0,196003,    50, , ,R,105771
AE000041196,                  "SHARJAH INT. AIRPORT",  25.3000,   55.5000,    34.0,196004,   200, , ,R,105771
AE000041196,                  "SHARJAH INT. AIRPORT",  25.3000,   55.5000,    34.0,196005,     0, , ,R,105771
AE000041196,                  "SHARJAH INT. AIRPORT",  25.3000,   55.5000,    34.0,196006,     0, , ,R,105771
AE000041196,                  "SHARJAH INT. AIRPORT",  25.3000,   55.5000,    34.0,196007,     0, , ,R,105771
AE000041196,                  "SHARJAH INT. AIRPORT",  25.3000,   55.5000,    34.0,196008,     0, , ,R,105771
AE000041196,                  "SHARJAH INT. AIRPORT",  25.3000,   55.5000,    34.0,196009,     0, , ,R,105771
AE000041196,                  "SHARJAH INT. AIRPORT",  25.3000,   55.5000,    34.0,196010,     0, , ,R,105771
AE000041196,                  "SHARJAH INT. AIRPORT",  25.3000,   55.5000,    34.0,196011,     0, , ,R,105771
AE000041196,                  "SHARJAH INT. AIRPORT",  25.3000,   55.5000,    34.0,196012,    30, , ,R,105771
AE000041196,                "SHARJAH  INT'L AIRPORT",  25.3333,   55.5167,    34.0,198101,     0, , ,W,120629
AE000041196,                "SHARJAH  INT'L AIRPORT",  25.3333,   55.5167,    34.0,198102,     3, , ,W,120629
AE000041196,                "SHARJAH  INT'L AIRPORT",  25.3333,   55.5167,    34.0,198103,   218, , ,W,120629
AE000041196,                "SHARJAH  INT'L AIRPORT",  25.3333,   55.5167,    34.0,198104,   377, , ,W,120629
AE000041196,                "SHARJAH  INT'L AIRPORT",  25.3333,   55.5167,    34.0,198105,   206, , ,W,120629
AE000041196,                "SHARJAH  INT'L AIRPORT",  25.3333,   55.5167,    34.0,198106,     0, , ,W,120629
AE000041196,                "SHARJAH  INT'L AIRPORT",  25.3333,   55.5167,    34.0,198107,     0, , ,W,120629
AE000041196,                "SHARJAH  INT'L AIRPORT",  25.3333,   55.5167,    34.0,198108,     0, , ,W,120629
AE000041196,                "SHARJAH  INT'L AIRPORT",  25.3333,   55.5167,    34.0,198109,     0, , ,W,120629
AE000041196,                "SHARJAH  INT'L AIRPORT",  25.3333,   55.5167,    34.0,198110,     0, , ,W,120629
AE000041196,                "SHARJAH  INT'L AIRPORT",  25.3333,   55.5167,    34.0,198111,     0, , ,W,120629
AE000041196,                "SHARJAH  INT'L AIRPORT",  25.3333,   55.5167,    34.0,198112,     0, , ,W,120629
AE000041196,                "SHARJAH  INT'L AIRPORT",  25.3333,   55.5167,    34.0,198201,    27, , ,W,120629
AE000041196,                "SHARJAH  INT'L AIRPORT",  25.3333,   55.5167,    34.0,198202,   824, , ,W,120629
AE000041196,                "SHARJAH  INT'L AIRPORT",  25.3333,   55.5167,    34.0,198203,  1564, , ,W,120629
AE000041196,                "SHARJAH  INT'L AIRPORT",  25.3333,   55.5167,    34.0,198204,     0, , ,W,120629
AE000041196,                "SHARJAH  INT'L AIRPORT",  25.3333,   55.5167,    34.0,198205,     0, , ,W,120629
AE000041196,                "SHARJAH  INT'L AIRPORT",  25.3333,   55.5167,    34.0,198206,     0, , ,W,120629
AE000041196,                "SHARJAH  INT'L AIRPORT",  25.3333,   55.5167,    34.0,198207,     0, , ,W,120629
AE000041196,                "SHARJAH  INT'L AIRPORT",  25.3333,   55.5167,    34.0,198208,     0, , ,W,120629
AE000041196,                "SHARJAH  INT'L AIRPORT",  25.3333,   55.5167,    34.0,198209,     0, , ,W,120629
AE000041196,                "SHARJAH  INT'L AIRPORT",  25.3333,   55.5167,    34.0,198210,     0, , ,W,120629
AE000041196,                "SHARJAH  INT'L AIRPORT",  25.3333,   55.5167,    34.0,198211,   150, , ,W,120629
AE000041196,                "SHARJAH  INT'L AIRPORT",  25.3333,   55.5167,    34.0,198212,   158, , ,W,120629
AE000041196,                "SHARJAH  INT'L AIRPORT",  25.3333,   55.5167,    34.0,198301,   264, , ,W,120629
AE000041196,                "SHARJAH  INT'L AIRPORT",  25.3333,   55.5167,    34.0,198302,   857, , ,W,120629
AE000041196,                "SHARJAH  INT'L AIRPORT",  25.3333,   55.5167,    34.0,198303,   259, , ,W,120629
AE000041196,                "SHARJAH  INT'L AIRPORT",  25.3333,   55.5167,    34.0,198304,   201, , ,W,120629
AE000041196,                "SHARJAH  INT'L AIRPORT",  25.3333,   55.5167,    34.0,198305,     0, , ,W,120629
AE000041196,                "SHARJAH  INT'L AIRPORT",  25.3333,   55.5167,    34.0,198306,     0, , ,W,120629
AE000041196,                "SHARJAH  INT'L AIRPORT",  25.3333,   55.5167,    34.0,198307,     0, , ,W,120629
AE000041196,                "SHARJAH  INT'L AIRPORT",  25.3333,   55.5167,    34.0,198308,     0, , ,W,120629
AE000041196,                "SHARJAH  INT'L AIRPORT",  25.3333,   55.5167,    34.0,198309,     0, , ,W,120629
AE000041196,                "SHARJAH  INT'L AIRPORT",  25.3333,   55.5167,    34.0,198310,     0, , ,W,120629
AE000041196,                "SHARJAH  INT'L AIRPORT",  25.3333,   55.5167,    34.0,198311,     0, , ,W,120629
AE000041196,                "SHARJAH  INT'L AIRPORT",  25.3333,   55.5167,    34.0,198312,    39, , ,W,120629
AE000041196,                "SHARJAH  INT'L AIRPORT",  25.3333,   55.5167,    34.0,198401,     5, , ,W,120629
AE000041196,                "SHARJAH  INT'L AIRPORT",  25.3333,   55.5167,    34.0,198402,     0, , ,W,120629
AE000041196,                "SHARJAH  INT'L AIRPORT",  25.3333,   55.5167,    34.0,198403,    76, , ,W,120629
AE000041196,                "SHARJAH  INT'L AIRPORT",  25.3333,   55.5167,    34.0,198404,     0, , ,W,120629
AE000041196,                "SHARJAH  INT'L AIRPORT",  25.3333,   55.5167,    34.0,198405,     0, , ,W,120629
AE000041196,                "SHARJAH  INT'L AIRPORT",  25.3333,   55.5167,    34.0,198406,     0, , ,W,120629
AE000041196,                "SHARJAH  INT'L AIRPORT",  25.3333,   55.5167,    34.0,198407,     0, , ,W,120629
AE000041196,                "SHARJAH  INT'L AIRPORT",  25.3333,   55.5167,    34.0,198408,     0, , ,W,120629
AE000041196,                "SHARJAH  INT'L AIRPORT",  25.3333,   55.5167,    34.0,198409,     0, , ,W,120629
AE000041196,                "SHARJAH  INT'L AIRPORT",  25.3333,   55.5167,    34.0,198410,     0, , ,W,120629
AE000041196,                "SHARJAH  INT'L AIRPORT",  25.3333,   55.5167,    34.0,198411,     0, , ,W,120629
AE000041196,                "SHARJAH  INT'L AIRPORT",  25.3333,   55.5167,    34.0,198412,    92, , ,W,120629
AE000041196,                "SHARJAH  INT'L AIRPORT",  25.3333,   55.5167,    34.0,198501,    57, , ,W,120629
AE000041196,                "SHARJAH  INT'L AIRPORT",  25.3333,   55.5167,    34.0,198502,     0, , ,W,120629
AE000041196,                "SHARJAH  INT'L AIRPORT",  25.3333,   55.5167,    34.0,198503,    20, , ,W,120629
AE000041196,                "SHARJAH  INT'L AIRPORT",  25.3333,   55.5167,    34.0,198504,     7, , ,W,120629
AE000041196,                "SHARJAH  INT'L AIRPORT",  25.3333,   55.5167,    34.0,198505,     0, , ,W,120629
AE000041196,                "SHARJAH  INT'L AIRPORT",  25.3333,   55.5167,    34.0,198506,     0, , ,W,120629
AE000041196,                "SHARJAH  INT'L AIRPORT",  25.3333,   55.5167,    34.0,198507,     0, , ,W,120629
AE000041196,                "SHARJAH  INT'L AIRPORT",  25.3333,   55.5167,    34.0,198508,     0, , ,W,120629
AE000041196,                "SHARJAH  INT'L AIRPORT",  25.3333,   55.5167,    34.0,198509,     0, , ,W,120629
AE000041196,                "SHARJAH  INT'L AIRPORT",  25.3333,   55.5167,    34.0,198510,     0, , ,W,120629
AE000041196,                "SHARJAH  INT'L AIRPORT",  25.3333,   55.5167,    34.0,198511,     0, , ,W,120629
AE000041196,                "SHARJAH  INT'L AIRPORT",  25.3333,   55.5167,    34.0,198512,     2, , ,W,120629
AE000041196,                "SHARJAH  INT'L AIRPORT",  25.3333,   55.5167,    34.0,198601,   212, , ,W,120629
AE000041196,                "SHARJAH  INT'L AIRPORT",  25.3333,   55.5167,    34.0,198602,   245, , ,W,120629
AE000041196,                "SHARJAH  INT'L AIRPORT",  25.3333,   55.5167,    34.0,198603,    67, , ,W,120629
AE000041196,                "SHARJAH  INT'L AIRPORT",  25.3333,   55.5167,    34.0,198604,    25, , ,W,120629
AE000041196,                "SHARJAH  INT'L AIRPORT",  25.3333,   55.5167,    34.0,198605,     0, , ,W,120629
AE000041196,                "SHARJAH  INT'L AIRPORT",  25.3333,   55.5167,    34.0,198606,     0, , ,W,120629
AE000041196,                "SHARJAH  INT'L AIRPORT",  25.3333,   55.5167,    34.0,198607,     0, , ,W,120629
AE000041196,                "SHARJAH  INT'L AIRPORT",  25.3333,   55.5167,    34.0,198608,     0, , ,W,120629
AE000041196,                "SHARJAH  INT'L AIRPORT",  25.3333,   55.5167,    34.0,198609,     0, , ,W,120629
AE000041196,                "SHARJAH  INT'L AIRPORT",  25.3333,   55.5167,    34.0,198610,     0, , ,W,120629
AE000041196,                "SHARJAH  INT'L AIRPORT",  25.3333,   55.5167,    34.0,198611,     5, , ,W,120629
AE000041196,                "SHARJAH  INT'L AIRPORT",  25.3333,   55.5167,    34.0,198612,   499, , ,W,120629
AE000041196,                "SHARJAH  INT'L AIRPORT",  25.3333,   55.5167,    34.0,198701,     0, , ,W,120629
AE000041196,                "SHARJAH  INT'L AIRPORT",  25.3333,   55.5167,    34.0,198702,     0, , ,W,120629
AE000041196,                "SHARJAH  INT'L AIRPORT",  25.3333,   55.5167,    34.0,198703,   900, , ,W,120629
AE000041196,                "SHARJAH  INT'L AIRPORT",  25.3333,   55.5167,    34.0,198704,    12, , ,W,120629
AE000041196,                "SHARJAH  INT'L AIRPORT",  25.3333,   55.5167,    34.0,198705,     0, , ,W,120629
AE000041196,                "SHARJAH  INT'L AIRPORT",  25.3333,   55.5167,    34.0,198706,     0, , ,W,120629
AE000041196,                "SHARJAH  INT'L AIRPORT",  25.3333,   55.5167,    34.0,198707,     0, , ,W,120629
AE000041196,                "SHARJAH  INT'L AIRPORT",  25.3333,   55.5167,    34.0,198708,     0, , ,W,120629
AE000041196,                "SHARJAH  INT'L AIRPORT",  25.3333,   55.5167,    34.0,198709,     0, , ,W,120629
AE000041196,                "SHARJAH  INT'L AIRPORT",  25.3333,   55.5167,    34.0,198710,     0, , ,W,120629
AE000041196,                "SHARJAH  INT'L AIRPORT",  25.3333,   55.5167,    34.0,198711,     0, , ,W,120629
AE000041196,                "SHARJAH  INT'L AIRPORT",  25.3333,   55.5167,    34.0,198712,    72, , ,W,120629
AE000041196,                "SHARJAH  INT'L AIRPORT",  25.3333,   55.5167,    34.0,198801,    14, , ,W,120629
AE000041196,                "SHARJAH  INT'L AIRPORT",  25.3333,   55.5167,    34.0,198802,  1429, , ,W,120629
AE000041196,                "SHARJAH  INT'L AIRPORT",  25.3333,   55.5167,    34.0,198803,     5, , ,W,120629
AE000041196,                "SHARJAH  INT'L AIRPORT",  25.3333,   55.5167,    34.0,198804,   177, , ,W,120629
AE000041196,                "SHARJAH  INT'L AIRPORT",  25.3333,   55.5167,    34.0,198805,     0, , ,W,120629
AE000041196,                "SHARJAH  INT'L AIRPORT",  25.3333,   55.5167,    34.0,198806,     0, , ,W,120629
AE000041196,                "SHARJAH  INT'L AIRPORT",  25.3333,   55.5167,    34.0,198807,     7, , ,W,120629
AE000041196,                "SHARJAH  INT'L AIRPORT",  25.3333,   55.5167,    34.0,198808,     0, , ,W,120629
AE000041196,                "SHARJAH  INT'L AIRPORT",  25.3333,   55.5167,    34.0,198809,     0, , ,W,120629
AE000041196,                "SHARJAH  INT'L AIRPORT",  25.3333,   55.5167,    34.0,198810,     0, , ,W,120629
AE000041196,                "SHARJAH  INT'L AIRPORT",  25.3333,   55.5167,    34.0,198811,     0, , ,W,120629
AE000041196,                "SHARJAH  INT'L AIRPORT",  25.3333,   55.5167,    34.0,198812,    40, , ,W,120629
AE000041196,                "SHARJAH  INT'L AIRPORT",  25.3333,   55.5167,    34.0,198901,     0, , ,W,120629
AE000041196,                "SHARJAH  INT'L AIRPORT",  25.3333,   55.5167,    34.0,198902,   138, , ,W,120629
AE000041196,                "SHARJAH  INT'L AIRPORT",  25.3333,   55.5167,    34.0,198903,   404, , ,W,120629
AE000041196,                "SHARJAH  INT'L AIRPORT",  25.3333,   55.5167,    34.0,198904,    65, , ,W,120629
AE000041196,                "SHARJAH  INT'L AIRPORT",  25.3333,   55.5167,    34.0,198905,     0, , ,W,120629
AE000041196,                "SHARJAH  INT'L AIRPORT",  25.3333,   55.5167,    34.0,198906,     0, , ,W,120629
AE000041196,                "SHARJAH  INT'L AIRPORT",  25.3333,   55.5167,    34.0,198907,     5, , ,W,120629
AE000041196,                "SHARJAH  INT'L AIRPORT",  25.3333,   55.5167,    34.0,198908,     0, , ,W,120629
AE000041196,                "SHARJAH  INT'L AIRPORT",  25.3333,   55.5167,    34.0,198909,     0, , ,W,120629
AE000041196,                "SHARJAH  INT'L AIRPORT",  25.3333,   55.5167,    34.0,198910,     0, , ,W,120629
AE000041196,                "SHARJAH  INT'L AIRPORT",  25.3333,   55.5167,    34.0,198911,   185, , ,W,120629
AE000041196,                "SHARJAH  INT'L AIRPORT",  25.3333,   55.5167,    34.0,198912,   597, , ,W,120629
AE000041196,                "SHARJAH  INT'L AIRPORT",  25.3333,   55.5167,    34.0,199001,   304, , ,W,120629
AE000041196,                "SHARJAH  INT'L AIRPORT",  25.3333,   55.5167,    34.0,199002,   753, , ,W,120629
AE000041196,                "SHARJAH  INT'L AIRPORT",  25.3333,   55.5167,    34.0,199003,    12, , ,W,120629
AE000041196,                "SHARJAH  INT'L AIRPORT",  25.3333,   55.5167,    34.0,199004,    82, , ,W,120629
AE000041196,                "SHARJAH  INT'L AIRPORT",  25.3333,   55.5167,    34.0,199005,     0, , ,W,120629
AE000041196,                "SHARJAH  INT'L AIRPORT",  25.3333,   55.5167,    34.0,199006,     0, , ,W,120629
AE000041196,                "SHARJAH  INT'L AIRPORT",  25.3333,   55.5167,    34.0,199007,     0, , ,W,120629
AE000041196,                "SHARJAH  INT'L AIRPORT",  25.3333,   55.5167,    34.0,199008,     0, , ,W,120629
AE000041196,                "SHARJAH  INT'L AIRPORT",  25.3333,   55.5167,    34.0,199009,     0, , ,W,120629
AE000041196,                "SHARJAH  INT'L AIRPORT",  25.3333,   55.5167,    34.0,199010,     0, , ,W,120629
AE000041196,                "SHARJAH  INT'L AIRPORT",  25.3333,   55.5167,    34.0,199011,     0, , ,W,120629
AE000041196,                "SHARJAH  INT'L AIRPORT",  25.3333,   55.5167,    34.0,199012,     0, , ,W,120629
AE000041196,                "SHARJAH  INT'L AIRPORT",  25.3333,   55.5167,    34.0,199101,   151, , ,W,120629
AE000041196,                "SHARJAH  INT'L AIRPORT",  25.3333,   55.5167,    34.0,199102,    32, , ,W,120629
AE000041196,                "SHARJAH  INT'L AIRPORT",  25.3333,   55.5167,    34.0,199103,   209, , ,W,120629
AE000041196,                "SHARJAH  INT'L AIRPORT",  25.3333,   55.5167,    34.0,199104,     0, , ,W,120629
AE000041196,                "SHARJAH  INT'L AIRPORT",  25.3333,   55.5167,    34.0,199105,     0, , ,W,120629
AE000041196,                "SHARJAH  INT'L AIRPORT",  25.3333,   55.5167,    34.0,199106,     0, , ,W,120629
AE000041196,                "SHARJAH  INT'L AIRPORT",  25.3333,   55.5167,    34.0,199107,     0, , ,W,120629
AE000041196,                "SHARJAH  INT'L AIRPORT",  25.3333,   55.5167,    34.0,199108,     0, , ,W,120629
AE000041196,                "SHARJAH  INT'L AIRPORT",  25.3333,   55.5167,    34.0,199109,     0, , ,W,120629
AE000041196,                "SHARJAH  INT'L AIRPORT",  25.3333,   55.5167,    34.0,199110,     0, , ,W,120629
AE000041196,                "SHARJAH  INT'L AIRPORT",  25.3333,   55.5167,    34.0,199111,     7, , ,W,120629
AE000041196,                "SHARJAH  INT'L AIRPORT",  25.3333,   55.5167,    34.0,199112,   179, , ,W,120629
AE000041196,                "SHARJAH  INT'L AIRPORT",  25.3333,   55.5167,    34.0,199201,   293, , ,W,120629
AE000041196,                "SHARJAH  INT'L AIRPORT",  25.3333,   55.5167,    34.0,199202,   348, , ,W,120629
AE000041196,                "SHARJAH  INT'L AIRPORT",  25.3333,   55.5167,    34.0,199203,     7, , ,W,120629
AE000041196,                "SHARJAH  INT'L AIRPORT",  25.3333,   55.5167,    34.0,199204,   437, , ,W,120629
AE000041196,                "SHARJAH  INT'L AIRPORT",  25.3333,   55.5167,    34.0,199205,     0, , ,W,120629
AE000041196,                "SHARJAH  INT'L AIRPORT",  25.3333,   55.5167,    34.0,199206,     0, , ,W,120629
AE000041196,                "SHARJAH  INT'L AIRPORT",  25.3333,   55.5167,    34.0,199207,     0, , ,W,120629
AE000041196,                "SHARJAH  INT'L AIRPORT",  25.3333,   55.5167,    34.0,199208,     0, , ,W,120629
AE000041196,                "SHARJAH  INT'L AIRPORT",  25.3333,   55.5167,    34.0,199209,     0, , ,W,120629
AE000041196,                "SHARJAH  INT'L AIRPORT",  25.3333,   55.5167,    34.0,199210,     0, , ,W,120629
AE000041196,                "SHARJAH  INT'L AIRPORT",  25.3333,   55.5167,    34.0,199211,     0, , ,W,120629
AE000041196,                "SHARJAH  INT'L AIRPORT",  25.3333,   55.5167,    34.0,199212,   350, , ,W,120629
AE000041196,                "SHARJAH  INT'L AIRPORT",  25.3333,   55.5167,    34.0,199301,    21, , ,W,120629
AE000041196,                "SHARJAH  INT'L AIRPORT",  25.3333,   55.5167,    34.0,199302,   950, , ,W,120629
AE000041196,                "SHARJAH  INT'L AIRPORT",  25.3333,   55.5167,    34.0,199303,    10, , ,W,120629
AE000041196,                "SHARJAH  INT'L AIRPORT",  25.3333,   55.5167,    34.0,199304,     0, , ,W,120629
AE000041196,                "SHARJAH  INT'L AIRPORT",  25.3333,   55.5167,    34.0,199305,     0, , ,W,120629
AE000041196,                "SHARJAH  INT'L AIRPORT",  25.3333,   55.5167,    34.0,199306,     0, , ,W,120629
AE000041196,                "SHARJAH  INT'L AIRPORT",  25.3333,   55.5167,    34.0,199307,     0, , ,W,120629
AE000041196,                "SHARJAH  INT'L AIRPORT",  25.3333,   55.5167,    34.0,199308,     0, , ,W,120629
AE000041196,                "SHARJAH  INT'L AIRPORT",  25.3333,   55.5167,    34.0,199309,     0, , ,W,120629
AE000041196,                "SHARJAH  INT'L AIRPORT",  25.3333,   55.5167,    34.0,199310,     0, , ,W,120629
AE000041196,                "SHARJAH  INT'L AIRPORT",  25.3333,   55.5167,    34.0,199311,     0, , ,W,120629
AE000041196,                "SHARJAH  INT'L AIRPORT",  25.3333,   55.5167,    34.0,199312,    22, , ,W,120629
AE000041196,                "SHARJAH  INT'L AIRPORT",  25.3333,   55.5167,    34.0,199401,   142, , ,W,120629
AE000041196,                "SHARJAH  INT'L AIRPORT",  25.3333,   55.5167,    34.0,199402,     0, , ,W,120629
AE000041196,                "SHARJAH  INT'L AIRPORT",  25.3333,   55.5167,    34.0,199403,    37, , ,W,120629
AE000041196,                "SHARJAH  INT'L AIRPORT",  25.3333,   55.5167,    34.0,199404,     2, , ,W,120629
AE000041196,                "SHARJAH  INT'L AIRPORT",  25.3333,   55.5167,    34.0,199405,    30, , ,W,120629
AE000041196,                "SHARJAH  INT'L AIRPORT",  25.3333,   55.5167,    34.0,199406,     0, , ,W,120629
AE000041196,                "SHARJAH  INT'L AIRPORT",  25.3333,   55.5167,    34.0,199407,     0, , ,W,120629
AE000041196,                "SHARJAH  INT'L AIRPORT",  25.3333,   55.5167,    34.0,199408,     0, , ,W,120629
AE000041196,                "SHARJAH  INT'L AIRPORT",  25.3333,   55.5167,    34.0,199409,    92, , ,W,120629
AE000041196,                "SHARJAH  INT'L AIRPORT",  25.3333,   55.5167,    34.0,199410,     0, , ,W,120629
AE000041196,                "SHARJAH  INT'L AIRPORT",  25.3333,   55.5167,    34.0,199411,     0, , ,W,120629
AE000041196,                "SHARJAH  INT'L AIRPORT",  25.3333,   55.5167,    34.0,199412,     0, , ,W,120629
AE000041196,                "SHARJAH  INT'L AIRPORT",  25.3333,   55.5167,    34.0,199501,     0, , ,W,120629
AE000041196,                "SHARJAH  INT'L AIRPORT",  25.3333,   55.5167,    34.0,199502,   334, , ,W,120629
AE000041196,                "SHARJAH  INT'L AIRPORT",  25.3333,   55.5167,    34.0,199503,   584, , ,W,120629
AE000041196,                "SHARJAH  INT'L AIRPORT",  25.3333,   55.5167,    34.0,199504,     9, , ,W,120629
AE000041196,                "SHARJAH  INT'L AIRPORT",  25.3333,   55.5167,    34.0,199505,     0, , ,W,120629
AE000041196,                "SHARJAH  INT'L AIRPORT",  25.3333,   55.5167,    34.0,199506,     0, , ,W,120629
AE000041196,                "SHARJAH  INT'L AIRPORT",  25.3333,   55.5167,    34.0,199507,   531, , ,W,120629
AE000041196,                "SHARJAH  INT'L AIRPORT",  25.3333,   55.5167,    34.0,199508,     0, , ,W,120629
AE000041196,                "SHARJAH  INT'L AIRPORT",  25.3333,   55.5167,    34.0,199509,     0, , ,W,120629
AE000041196,                "SHARJAH  INT'L AIRPORT",  25.3333,   55.5167,    34.0,199510,     0, , ,W,120629
AE000041196,                "SHARJAH  INT'L AIRPORT",  25.3333,   55.5167,    34.0,199511,     0, , ,W,120629
AE000041196,                "SHARJAH  INT'L AIRPORT",  25.3333,   55.5167,    34.0,199512,  1465, , ,W,120629
AE000041196,                "SHARJAH  INT'L AIRPORT",  25.3333,   55.5167,    34.0,199601,   533, , ,W,120629
AE000041196,                "SHARJAH  INT'L AIRPORT",  25.3333,   55.5167,    34.0,199602,   245, , ,W,120629
AE000041196,                "SHARJAH  INT'L AIRPORT",  25.3333,   55.5167,    34.0,199603,  1526, , ,W,120629
AE000041196,                "SHARJAH  INT'L AIRPORT",  25.3333,   55.5167,    34.0,199604,    10, , ,W,120629
AE000041196,                "SHARJAH  INT'L AIRPORT",  25.3333,   55.5167,    34.0,199605,     0, , ,W,120629
AE000041196,                "SHARJAH  INT'L AIRPORT",  25.3333,   55.5167,    34.0,199606,     0, , ,W,120629
AE000041196,                "SHARJAH  INT'L AIRPORT",  25.3333,   55.5167,    34.0,199607,     0, , ,W,120629
AE000041196,                "SHARJAH  INT'L AIRPORT",  25.3333,   55.5167,    34.0,199608,     0, , ,W,120629
AE000041196,                "SHARJAH  INT'L AIRPORT",  25.3333,   55.5167,    34.0,199609,     0, , ,W,120629
AE000041196,                "SHARJAH  INT'L AIRPORT",  25.3333,   55.5167,    34.0,199610,     0, , ,W,120629
AE000041196,                "SHARJAH  INT'L AIRPORT",  25.3333,   55.5167,    34.0,199611,     0, , ,W,120629
AE000041196,                "SHARJAH  INT'L AIRPORT",  25.3333,   55.5167,    34.0,199612,     5, , ,W,120629
AE000041196,                "SHARJAH  INT'L AIRPORT",  25.3333,   55.5167,    34.0,199701,   716, , ,W,120629
AE000041196,                   "SHARJAH INTER. AIRP",  25.3330,   55.5170,    34.0,199702,     0,E, ,D,000003
AE000041196,                "SHARJAH  INT'L AIRPORT",  25.3333,   55.5167,    34.0,199703,  1250, , ,W,120629
AE000041196,                   "SHARJAH INTER. AIRP",  25.3330,   55.5170,    34.0,199704,     0,E, ,D,000003
AE000041196,                   "SHARJAH INTER. AIRP",  25.3330,   55.5170,    34.0,199705,     0,D, ,D,000003
AE000041196,                "SHARJAH  INT'L AIRPORT",  25.3333,   55.5167,    34.0,199706,     0, , ,W,120629
AE000041196,                "SHARJAH  INT'L AIRPORT",  25.3333,   55.5167,    34.0,199707,     0, , ,W,120629
AE000041196,                "SHARJAH  INT'L AIRPORT",  25.3333,   55.5167,    34.0,199708,     0, , ,W,120629
AE000041196,                "SHARJAH  INT'L AIRPORT",  25.3333,   55.5167,    34.0,199709,     0, , ,W,120629
AE000041196,                "SHARJAH  INT'L AIRPORT",  25.3333,   55.5167,    34.0,199710,   634, , ,W,120629
AE000041196,                "SHARJAH  INT'L AIRPORT",  25.3333,   55.5167,    34.0,199711,   391, , ,W,120629
AE000041196,                "SHARJAH  INT'L AIRPORT",  25.3333,   55.5167,    34.0,199712,   171, , ,W,120629
AE000041196,                "SHARJAH  INT'L AIRPORT",  25.3333,   55.5167,    34.0,199801,   978, , ,W,120629
AE000041196,                "SHARJAH  INT'L AIRPORT",  25.3333,   55.5167,    34.0,199802,   180, , ,W,120629
AE000041196,                "SHARJAH  INT'L AIRPORT",  25.3333,   55.5167,    34.0,199803,   175, , ,W,120629
AE000041196,                "SHARJAH  INT'L AIRPORT",  25.3333,   55.5167,    34.0,199804,   165, , ,W,120629
AE000041196,                   "SHARJAH INTER. AIRP",  25.3330,   55.5170,    34.0,199805,     0,A, ,D,000003
AE000041196,                   "SHARJAH INTER. AIRP",  25.3330,   55.5170,    34.0,199806,     0,B, ,D,000003
AE000041196,                   "SHARJAH INTER. AIRP",  25.3330,   55.5170,    34.0,199807,     0,C, ,D,000003
AE000041196,                "SHARJAH  INT'L AIRPORT",  25.3333,   55.5167,    34.0,199808,     0, , ,W,120629
AE000041196,                   "SHARJAH INTER. AIRP",  25.3330,   55.5170,    34.0,199809,     0,E, ,D,000003
AE000041196,                   "SHARJAH INTER. AIRP",  25.3330,   55.5170,    34.0,199810,     0,B, ,D,000003
AE000041196,                "SHARJAH  INT'L AIRPORT",  25.3333,   55.5167,    34.0,199811,     0, , ,W,120629
AE000041196,                "SHARJAH  INT'L AIRPORT",  25.3333,   55.5167,    34.0,199812,     9, , ,W,120629
AE000041196,                "SHARJAH  INT'L AIRPORT",  25.3333,   55.5167,    34.0,199901,   207, , ,W,120629
AE000041196,                "SHARJAH  INT'L AIRPORT",  25.3333,   55.5167,    34.0,199902,   372, , ,W,120629
AE000041196,                "SHARJAH  INT'L AIRPORT",  25.3333,   55.5167,    34.0,199903,    69, , ,W,120629
AE000041196,                "SHARJAH  INT'L AIRPORT",  25.3333,   55.5167,    34.0,199904,     0, , ,W,120629
AE000041196,                "SHARJAH  INT'L AIRPORT",  25.3333,   55.5167,    34.0,199905,     0, , ,W,120629
AE000041196,                "SHARJAH  INT'L AIRPORT",  25.3333,   55.5167,    34.0,199906,     0, , ,W,120629
AE000041196,                "SHARJAH  INT'L AIRPORT",  25.3333,   55.5167,    34.0,199907,     0, , ,W,120629
AE000041196,                "SHARJAH  INT'L AIRPORT",  25.3333,   55.5167,    34.0,199908,     0, , ,W,120629
AE000041196,                "SHARJAH  INT'L AIRPORT",  25.3333,   55.5167,    34.0,199909,     0, , ,W,120629
AE000041196,                "SHARJAH  INT'L AIRPORT",  25.3333,   55.5167,    34.0,199910,     0, , ,W,120629
AE000041196,                "SHARJAH  INT'L AIRPORT",  25.3333,   55.5167,    34.0,199911,     0, , ,W,120629
AE000041196,                "SHARJAH  INT'L AIRPORT",  25.3333,   55.5167,    34.0,199912,     0, , ,W,120629
AE000041196,                "SHARJAH  INT'L AIRPORT",  25.3333,   55.5167,    34.0,200001,     0, , ,W,120629
AE000041196,                "SHARJAH  INT'L AIRPORT",  25.3333,   55.5167,    34.0,200002,     0, , ,W,120629
AE000041196,                "SHARJAH  INT'L AIRPORT",  25.3333,   55.5167,    34.0,200003,     2, , ,W,120629
AE000041196,                "SHARJAH  INT'L AIRPORT",  25.3333,   55.5167,    34.0,200004,     0, , ,W,120629
AE000041196,                "SHARJAH  INT'L AIRPORT",  25.3333,   55.5167,    34.0,200005,     0, , ,W,120629
AE000041196,                "SHARJAH  INT'L AIRPORT",  25.3333,   55.5167,    34.0,200006,     0, , ,W,120629
AE000041196,                "SHARJAH  INT'L AIRPORT",  25.3333,   55.5167,    34.0,200007,     0, , ,W,120629
AE000041196,                "SHARJAH  INT'L AIRPORT",  25.3333,   55.5167,    34.0,200008,     0, , ,W,120629
AE000041196,                "SHARJAH  INT'L AIRPORT",  25.3333,   55.5167,    34.0,200009,     0, , ,W,120629
AE000041196,                "SHARJAH  INT'L AIRPORT",  25.3333,   55.5167,    34.0,200010,     0, , ,W,120629
AE000041196,                "SHARJAH  INT'L AIRPORT",  25.3333,   55.5167,    34.0,200011,    20, , ,W,120629
AE000041196,                "SHARJAH  INT'L AIRPORT",  25.3333,   55.5167,    34.0,200012,   128, , ,W,120629
AE000041196,         "SHARJAH INTERNATIONAL AIRPORT",  25.3333,   55.5167,    33.0,200307,     0, ,K,M,116579
AE000041196,         "SHARJAH INTERNATIONAL AIRPORT",  25.3333,   55.5167,    33.0,200308,     0, ,K,M,116579
AE000041196,         "SHARJAH INTERNATIONAL AIRPORT",  25.3333,   55.5167,    33.0,200309,     0, ,K,M,116579
AE000041196,         "SHARJAH INTERNATIONAL AIRPORT",  25.3333,   55.5167,    33.0,200310,     0, ,K,M,116579
AE000041196,         "SHARJAH INTERNATIONAL AIRPORT",  25.3333,   55.5167,    33.0,200311,     0, ,K,M,116579
AE000041196,         "SHARJAH INTERNATIONAL AIRPORT",  25.3333,   55.5167,    33.0,200312,     0, ,K,M,116579
AE000041196,         "SHARJAH INTERNATIONAL AIRPORT",  25.3333,   55.5167,    33.0,200402,     0, ,K,M,116579
AE000041196,         "SHARJAH INTERNATIONAL AIRPORT",  25.3333,   55.5167,    33.0,200403,     0, ,K,M,116579
AE000041196,         "SHARJAH INTERNATIONAL AIRPORT",  25.3333,   55.5167,    33.0,200404,     0, ,K,M,116579
AE000041196,         "SHARJAH INTERNATIONAL AIRPORT",  25.3333,   55.5167,    33.0,200405,     0, ,K,M,116579
AE000041196,         "SHARJAH INTERNATIONAL AIRPORT",  25.3333,   55.5167,    33.0,200406,     0, ,K,M,116579
AE000041196,         "SHARJAH INTERNATIONAL AIRPORT",  25.3333,   55.5167,    33.0,200407,     0, ,K,M,116579
AE000041196,         "SHARJAH INTERNATIONAL AIRPORT",  25.3333,   55.5167,    33.0,200408,     0, ,K,M,116579
AE000041196,         "SHARJAH INTERNATIONAL AIRPORT",  25.3333,   55.5167,    33.0,200409,     0, ,K,M,116579
AE000041196,         "SHARJAH INTERNATIONAL AIRPORT",  25.3333,   55.5167,    33.0,200410,     0, ,K,M,116579
AE000041196,         "SHARJAH INTERNATIONAL AIRPORT",  25.3333,   55.5167,    33.0,200412,   560, , ,M,116579
AE000041196,         "SHARJAH INTERNATIONAL AIRPORT",  25.3333,   55.5167,    33.0,200501,   290, , ,M,116579
AE000041196,         "SHARJAH INTERNATIONAL AIRPORT",  25.3333,   55.5167,    33.0,200502,   180, , ,M,116579
AE000041196,         "SHARJAH INTERNATIONAL AIRPORT",  25.3333,   55.5167,    33.0,200503,    20, , ,M,116579
AE000041196,         "SHARJAH INTERNATIONAL AIRPORT",  25.3333,   55.5167,    33.0,200504,    10, , ,M,116579
AE000041196,         "SHARJAH INTERNATIONAL AIRPORT",  25.3333,   55.5167,    33.0,200505,     0, , ,M,116579
AE000041196,         "SHARJAH INTERNATIONAL AIRPORT",  25.3333,   55.5167,    33.0,200506,     0, , ,M,116579
AE000041196,         "SHARJAH INTERNATIONAL AIRPORT",  25.3333,   55.5167,    33.0,200507,     0, , ,M,116579
AE000041196,         "SHARJAH INTERNATIONAL AIRPORT",  25.3333,   55.5167,    33.0,200508,     0, , ,M,116579
AE000041196,         "SHARJAH INTERNATIONAL AIRPORT",  25.3333,   55.5167,    33.0,200509,     0, , ,M,116579
AE000041196,         "SHARJAH INTERNATIONAL AIRPORT",  25.3333,   55.5167,    33.0,200510,     0, , ,M,116579
AE000041196,         "SHARJAH INTERNATIONAL AIRPORT",  25.3333,   55.5167,    33.0,200511,    50, , ,M,116579
AE000041196,         "SHARJAH INTERNATIONAL AIRPORT",  25.3333,   55.5167,    33.0,200512,    20, , ,M,116579
AE000041196,         "SHARJAH INTERNATIONAL AIRPORT",  25.3333,   55.5167,    33.0,200601,     0, , ,M,116579
AE000041196,         "SHARJAH INTERNATIONAL AIRPORT",  25.3333,   55.5167,    33.0,200602,   210, , ,M,116579
AE000041196,         "SHARJAH INTERNATIONAL AIRPORT",  25.3333,   55.5167,    33.0,200603,    30, , ,M,116579
AE000041196,         "SHARJAH INTERNATIONAL AIRPORT",  25.3333,   55.5167,    33.0,200604,     0, , ,M,116579
AE000041196,         "SHARJAH INTERNATIONAL AIRPORT",  25.3333,   55.5167,    33.0,200605,     0, , ,M,116579
AE000041196,         "SHARJAH INTERNATIONAL AIRPORT",  25.3333,   55.5167,    33.0,200606,     0, , ,M,116579
AE000041196,         "SHARJAH INTERNATIONAL AIRPORT",  25.3333,   55.5167,    33.0,200607,     0, , ,M,116579
AE000041196,         "SHARJAH INTERNATIONAL AIRPORT",  25.3333,   55.5167,    33.0,200608,     0, , ,M,116579
AE000041196,         "SHARJAH INTERNATIONAL AIRPORT",  25.3333,   55.5167,    33.0,200609,     0, , ,M,116579
AE000041196,         "SHARJAH INTERNATIONAL AIRPORT",  25.3333,   55.5167,    33.0,200610,     0, , ,M,116579
AE000041196,         "SHARJAH INTERNATIONAL AIRPORT",  25.3333,   55.5167,    33.0,200612,  1330, , ,M,116579
AE000041196,         "SHARJAH INTERNATIONAL AIRPORT",  25.3333,   55.5167,    33.0,200702,    70, , ,M,116579
AE000041196,         "SHARJAH INTERNATIONAL AIRPORT",  25.3333,   55.5167,    33.0,200703,    20, , ,M,116579
AE000041196,         "SHARJAH INTERNATIONAL AIRPORT",  25.3333,   55.5167,    33.0,200706,     0, , ,M,116579
AE000041196,         "SHARJAH INTERNATIONAL AIRPORT",  25.3333,   55.5167,    33.0,200708,     0, , ,M,116579
AE000041196,         "SHARJAH INTERNATIONAL AIRPORT",  25.3333,   55.5167,    33.0,200709,     0, , ,M,116579
AE000041196,         "SHARJAH INTERNATIONAL AIRPORT",  25.3333,   55.5167,    33.0,200710,     0, , ,M,116579
AE000041196,         "SHARJAH INTERNATIONAL AIRPORT",  25.3333,   55.5167,    33.0,200711,     0, , ,M,116579
AE000041196,         "SHARJAH INTERNATIONAL AIRPORT",  25.3333,   55.5167,    33.0,200712,     0, , ,M,116579
AE000041196,         "SHARJAH INTERNATIONAL AIRPORT",  25.3333,   55.5167,    33.0,200801,  1090, , ,M,116579
AE000041196,         "SHARJAH INTERNATIONAL AIRPORT",  25.3333,   55.5167,    33.0,200802,     0, , ,M,116579
AE000041196,         "SHARJAH INTERNATIONAL AIRPORT",  25.3333,   55.5167,    33.0,200804,     0, , ,M,116579
AE000041196,         "SHARJAH INTERNATIONAL AIRPORT",  25.3333,   55.5167,    33.0,200805,     0, , ,M,116579
AE000041196,         "SHARJAH INTERNATIONAL AIRPORT",  25.3333,   55.5167,    33.0,200809,     0, , ,M,116579
AE000041196,         "SHARJAH INTERNATIONAL AIRPORT",  25.3333,   55.5167,    33.0,200811,    10, , ,M,116579
AE000041196,         "SHARJAH INTERNATIONAL AIRPORT",  25.3333,   55.5167,    33.0,200903,   600, , ,M,116579
AE000041196,         "SHARJAH INTERNATIONAL AIRPORT",  25.3333,   55.5167,    33.0,200904,   120, , ,M,116579
AE000041196,         "SHARJAH INTERNATIONAL AIRPORT",  25.3333,   55.5167,    33.0,200905,     0, , ,M,116579
AE000041196,         "SHARJAH INTERNATIONAL AIRPORT",  25.3333,   55.5167,    33.0,200910,     0, , ,M,116579
AE000041196,         "SHARJAH INTERNATIONAL AIRPORT",  25.3333,   55.5167,    33.0,200911,     0, , ,M,116579
AE000041196,         "SHARJAH INTERNATIONAL AIRPORT",  25.3333,   55.5167,    33.0,200912,   440, , ,M,116579
AE000041196,         "SHARJAH INTERNATIONAL AIRPORT",  25.3333,   55.5167,    33.0,201002,   390, , ,M,116579
AE000041196,         "SHARJAH INTERNATIONAL AIRPORT",  25.3333,   55.5167,    33.0,201003,   310, , ,M,116579
AE000041196,         "SHARJAH INTERNATIONAL AIRPORT",  25.3333,   55.5167,    33.0,201004,     0, , ,M,116579
AE000041196,         "SHARJAH INTERNATIONAL AIRPORT",  25.3333,   55.5167,    33.0,201006,     0, , ,M,116579
AE000041196,         "SHARJAH INTERNATIONAL AIRPORT",  25.3333,   55.5167,    33.0,201009,     0, , ,M,116579
AE000041196,                "SHARJAH  INT'L AIRPORT",  25.3333,   55.5167,    34.0,201101,    64, , ,W,120629
AE000041196,                "SHARJAH  INT'L AIRPORT",  25.3333,   55.5167,    34.0,201102,    16, , ,W,120629
AE000041196,                "SHARJAH  INT'L AIRPORT",  25.3333,   55.5167,    34.0,201103,     0, , ,W,120629
AE000041196,                "SHARJAH  INT'L AIRPORT",  25.3333,   55.5167,    34.0,201104,   103, , ,W,120629
AE000041196,                "SHARJAH  INT'L AIRPORT",  25.3333,   55.5167,    34.0,201105,     0, , ,W,120629
AE000041196,                "SHARJAH  INT'L AIRPORT",  25.3333,   55.5167,    34.0,201106,     0, , ,W,120629
AE000041196,                "SHARJAH  INT'L AIRPORT",  25.3333,   55.5167,    34.0,201107,     0, , ,W,120629
AE000041196,                "SHARJAH  INT'L AIRPORT",  25.3333,   55.5167,    34.0,201108,     0, , ,W,120629
AE000041196,                "SHARJAH  INT'L AIRPORT",  25.3333,   55.5167,    34.0,201109,     0, , ,W,120629
AE000041196,                "SHARJAH  INT'L AIRPORT",  25.3333,   55.5167,    34.0,201110,     0, , ,W,120629
AE000041196,                "SHARJAH  INT'L AIRPORT",  25.3333,   55.5167,    34.0,201111,     0, , ,W,120629
AE000041196,                "SHARJAH  INT'L AIRPORT",  25.3333,   55.5167,    34.0,201112,     0, , ,W,120629
AE000041196,                "SHARJAH  INT'L AIRPORT",  25.3333,   55.5167,    34.0,201201,     0, , ,W,120629
AE000041196,                "SHARJAH  INT'L AIRPORT",  25.3333,   55.5167,    34.0,201202,     0, , ,W,120629
AE000041196,                "SHARJAH  INT'L AIRPORT",  25.3333,   55.5167,    34.0,201203,     8, , ,W,120629
AE000041196,                "SHARJAH  INT'L AIRPORT",  25.3333,   55.5167,    34.0,201204,     9, , ,W,120629
AE000041196,                "SHARJAH  INT'L AIRPORT",  25.3333,   55.5167,    34.0,201205,     0, , ,W,120629
AE000041196,                "SHARJAH  INT'L AIRPORT",  25.3333,   55.5167,    34.0,201206,     0, , ,W,120629
AE000041196,                "SHARJAH  INT'L AIRPORT",  25.3333,   55.5167,    34.0,201207,     0, , ,W,120629
AE000041196,                "SHARJAH  INT'L AIRPORT",  25.3333,   55.5167,    34.0,201208,     0, , ,W,120629
AE000041196,                "SHARJAH  INT'L AIRPORT",  25.3333,   55.5167,    34.0,201209,     0, , ,W,120629
AE000041196,                "SHARJAH  INT'L AIRPORT",  25.3333,   55.5167,    34.0,201210,     0, , ,W,120629
AE000041196,                "SHARJAH  INT'L AIRPORT",  25.3333,   55.5167,    34.0,201211,   142, , ,W,120629
AE000041196,                "SHARJAH  INT'L AIRPORT",  25.3333,   55.5167,    34.0,201212,    36, , ,W,120629
AE000041196,                "SHARJAH  INT'L AIRPORT",  25.3333,   55.5167,    34.0,201301,     0, , ,W,120629
AE000041196,                "SHARJAH  INT'L AIRPORT",  25.3333,   55.5167,    34.0,201302,    24, , ,W,120629
AE000041196,                "SHARJAH  INT'L AIRPORT",  25.3333,   55.5167,    34.0,201303,     0, , ,W,120629
AE000041196,                "SHARJAH  INT'L AIRPORT",  25.3333,   55.5167,    34.0,201304,   112, , ,W,120629
AE000041196,                "SHARJAH  INT'L AIRPORT",  25.3333,   55.5167,    34.0,201305,     0, , ,W,120629
AE000041196,                "SHARJAH  INT'L AIRPORT",  25.3333,   55.5167,    34.0,201306,     0, , ,W,120629
AE000041196,                "SHARJAH  INT'L AIRPORT",  25.3333,   55.5167,    34.0,201307,     0, , ,W,120629
AE000041196,                "SHARJAH  INT'L AIRPORT",  25.3333,   55.5167,    34.0,201308,     6, , ,W,120629
AE000041196,                "SHARJAH  INT'L AIRPORT",  25.3333,   55.5167,    34.0,201309,     0, , ,W,120629
AE000041196,                "SHARJAH  INT'L AIRPORT",  25.3333,   55.5167,    34.0,201310,     0, , ,W,120629
AE000041196,                "SHARJAH  INT'L AIRPORT",  25.3333,   55.5167,    34.0,201311,   434, , ,W,120629
AE000041196,                "SHARJAH  INT'L AIRPORT",  25.3333,   55.5167,    34.0,201312,   282, , ,W,120629
AE000041196,                "SHARJAH  INT'L AIRPORT",  25.3333,   55.5167,    34.0,201401,   144, , ,W,120629
AE000041196,                "SHARJAH  INT'L AIRPORT",  25.3333,   55.5167,    34.0,201402,    74, , ,W,120629
AE000041196,                "SHARJAH  INT'L AIRPORT",  25.3333,   55.5167,    34.0,201403,   197, , ,W,120629
AE000041196,                "SHARJAH  INT'L AIRPORT",  25.3333,   55.5167,    34.0,201404,    46, , ,W,120629
AE000041196,                "SHARJAH  INT'L AIRPORT",  25.3333,   55.5167,    34.0,201405,     0, , ,W,120629
AE000041196,                "SHARJAH  INT'L AIRPORT",  25.3333,   55.5167,    34.0,201406,     0, , ,W,120629
AE000041196,                "SHARJAH  INT'L AIRPORT",  25.3333,   55.5167,    34.0,201407,     0, , ,W,120629
AE000041196,                "SHARJAH  INT'L AIRPORT",  25.3333,   55.5167,    34.0,201408,     0, , ,W,120629
AE000041196,                "SHARJAH  INT'L AIRPORT",  25.3333,   55.5167,    34.0,201409,     0, , ,W,120629
AE000041196,                "SHARJAH  INT'L AIRPORT",  25.3333,   55.5167,    34.0,201410,     0, , ,W,120629
AE000041196,                "SHARJAH  INT'L AIRPORT",  25.3333,   55.5167,    34.0,201411,     0, , ,W,120629
AE000041196,                "SHARJAH  INT'L AIRPORT",  25.3333,   55.5167,    34.0,201412,     0, , ,W,120629
AE000041196,                "SHARJAH  INT'L AIRPORT",  25.3333,   55.5167,    34.0,201501,   382, , ,W,120629
AE000041196,                "SHARJAH  INT'L AIRPORT",  25.3333,   55.5167,    34.0,201502,     0, , ,W,120629
AE000041196,                "SHARJAH  INT'L AIRPORT",  25.3333,   55.5167,    34.0,201503,     0, , ,W,120629
AE000041196,                "SHARJAH  INT'L AIRPORT",  25.3333,   55.5167,    34.0,201504,     0, , ,W,120629
AE000041196,                "SHARJAH  INT'L AIRPORT",  25.3333,   55.5167,    34.0,201505,     0, , ,W,120629
AE000041196,                "SHARJAH  INT'L AIRPORT",  25.3333,   55.5167,    34.0,201506,     0, , ,W,120629
AE000041196,                "SHARJAH  INT'L AIRPORT",  25.3333,   55.5167,    34.0,201507,     0, , ,W,120629
AE000041196,                "SHARJAH  INT'L AIRPORT",  25.3333,   55.5167,    34.0,201508,     0, , ,W,120629
AE000041196,                "SHARJAH  INT'L AIRPORT",  25.3333,   55.5167,    34.0,201509,     0, , ,W,120629
AE000041196,                "SHARJAH  INT'L AIRPORT",  25.3333,   55.5167,    34.0,201510,     0, , ,W,120629
AE000041196,                "SHARJAH  INT'L AIRPORT",  25.3333,   55.5167,    34.0,201511,   110, , ,W,120629
AE000041196,                "SHARJAH  INT'L AIRPORT",  25.3333,   55.5167,    34.0,201512,     6, , ,W,120629
AE000041196,                "SHARJAH  INT'L AIRPORT",  25.3333,   55.5167,    34.0,201601,    98, , ,W,120629
AE000041196,                "SHARJAH  INT'L AIRPORT",  25.3333,   55.5167,    34.0,201602,     8, , ,W,120629
AE000041196,                "SHARJAH  INT'L AIRPORT",  25.3333,   55.5167,    34.0,201603,   307, , ,W,120629
AE000041196,                "SHARJAH  INT'L AIRPORT",  25.3333,   55.5167,    34.0,201604,    66, , ,W,120629
AE000041196,                "SHARJAH  INT'L AIRPORT",  25.3333,   55.5167,    34.0,201605,     0, , ,W,120629
AE000041196,                "SHARJAH  INT'L AIRPORT",  25.3333,   55.5167,    34.0,201606,     0, , ,W,120629
AE000041196,                "SHARJAH  INT'L AIRPORT",  25.3333,   55.5167,    34.0,201607,     0, , ,W,120629
AE000041196,                "SHARJAH  INT'L AIRPORT",  25.3333,   55.5167,    34.0,201608,     0, , ,W,120629
AE000041196,                "SHARJAH  INT'L AIRPORT",  25.3333,   55.5167,    34.0,201609,     0, , ,W,120629
AE000041196,                "SHARJAH  INT'L AIRPORT",  25.3333,   55.5167,    34.0,201610,     0, , ,W,120629
AE000041196,                "SHARJAH  INT'L AIRPORT",  25.3333,   55.5167,    34.0,201611,     0, , ,W,120629
AE000041196,                "SHARJAH  INT'L AIRPORT",  25.3333,   55.5167,    34.0,201612,     0, , ,W,120629
AE000041196,                   "SHARJAH INTER. AIRP",  25.3330,   55.5170,    34.0,201908,     0, , ,S,000003
AE000041196,                   "SHARJAH INTER. AIRP",  25.3330,   55.5170,    34.0,201909,     0,E, ,S,000003
AE000041196,                   "SHARJAH INTER. AIRP",  25.3330,   55.5170,    34.0,201910,     5,A, ,S,000003
AE000041196,                   "SHARJAH INTER. AIRP",  25.3330,   55.5170,    34.0,201911,   109,A, ,S,000003
AE000041196,                   "SHARJAH INTER. AIRP",  25.3330,   55.5170,    34.0,201912,   166,B, ,S,000003
AE000041196,                   "SHARJAH INTER. AIRP",  25.3330,   55.5170,    34.0,202001,   491,D, ,S,000003
AE000041196,                   "SHARJAH INTER. AIRP",  25.3330,   55.5170,    34.0,202004,    28,A, ,S,000003
AE000041196,                   "SHARJAH INTER. AIRP",  25.3330,   55.5170,    34.0,202005,     0,A, ,S,000003
AE000041196,                   "SHARJAH INTER. AIRP",  25.3330,   55.5170,    34.0,202006,     0,D, ,S,000003
AE000041196,                   "SHARJAH INTER. AIRP",  25.3330,   55.5170,    34.0,202007,     0,D, ,S,000003
AE000041196,                   "SHARJAH INTER. AIRP",  25.3330,   55.5170,    34.0,202008,     0,A, ,S,000003
AE000041196,                   "SHARJAH INTER. AIRP",  25.3330,   55.5170,    34.0,202009,     0, , ,S,000003
AE000041196,                   "SHARJAH INTER. AIRP",  25.3330,   55.5170,    34.0,202010,     0, , ,S,000003
AE000041196,                   "SHARJAH INTER. AIRP",  25.3330,   55.5170,    34.0,202011,     0,B, ,S,000003
AE000041196,                   "SHARJAH INTER. AIRP",  25.3330,   55.5170,    34.0,202012,    61,A, ,S,000003
AE000041196,                   "SHARJAH INTER. AIRP",  25.3330,   55.5170,    34.0,202101,     0, , ,S,000003
AE000041196,                   "SHARJAH INTER. AIRP",  25.3330,   55.5170,    34.0,202103,     0, , ,S,000003
AE000041196,                   "SHARJAH INTER. AIRP",  25.3330,   55.5170,    34.0,202104,     0,B, ,S,000003
AE000041196,                   "SHARJAH INTER. AIRP",  25.3330,   55.5170,    34.0,202105,     0,D, ,S,000003
AE000041196,                   "SHARJAH INTER. AIRP",  25.3330,   55.5170,    34.0,202106,     0,D, ,S,000003
AE000041196,                   "SHARJAH INTER. AIRP",  25.3330,   55.5170,    34.0,202107,     0,A, ,S,000003
AE000041196,                   "SHARJAH INTER. AIRP",  25.3330,   55.5170,    34.0,202207,    48,C, ,S,000003
AE000041196,                   "SHARJAH INTER. AIRP",  25.3330,   55.5170,    34.0,202208,     0,B, ,S,000003
AE000041196,                   "SHARJAH INTER. AIRP",  25.3330,   55.5170,    34.0,202209,     0, , ,S,000003
AE000041196,                   "SHARJAH INTER. AIRP",  25.3330,   55.5170,    34.0,202210,     0,E, ,S,000003
AE000041196,                   "SHARJAH INTER. AIRP",  25.3330,   55.5170,    34.0,202211,    99, , ,S,000003
AE000041196,                   "SHARJAH INTER. AIRP",  25.3330,   55.5170,    34.0,202212,   211,B, ,S,000003
AE000041196,                   "SHARJAH INTER. AIRP",  25.3330,   55.5170,    34.0,202301,   444,A, ,S,000003
AE000041196,                   "SHARJAH INTER. AIRP",  25.3330,   55.5170,    34.0,202302,     0,B, ,S,000003
AE000041196,                   "SHARJAH INTER. AIRP",  25.3330,   55.5170,    34.0,202303,    92,B, ,S,000003
AE000041196,                   "SHARJAH INTER. AIRP",  25.3330,   55.5170,    34.0,202304,     0,B, ,S,000003
AE000041196,                   "SHARJAH INTER. AIRP",  25.3330,   55.5170,    34.0,202305,     3,B, ,S,000003
