AEM00041194,                   "DUBAI INT'L AIRPORT",  25.2500,   55.3333,     8.0,198101,     0, , ,W,120628
AEM00041194,                   "DUBAI INT'L AIRPORT",  25.2500,   55.3333,     8.0,198102,     7, , ,W,120628
AEM00041194,                   "DUBAI INT'L AIRPORT",  25.2500,   55.3333,     8.0,198103,   156, , ,W,120628
AEM00041194,                   "DUBAI INT'L AIRPORT",  25.2500,   55.3333,     8.0,198104,   331, , ,W,120628
AEM00041194,                   "DUBAI INT'L AIRPORT",  25.2500,   55.3333,     8.0,198105,   129, , ,W,120628
AEM00041194,                   "DUBAI INT'L AIRPORT",  25.2500,   55.3333,     8.0,198106,     0, , ,W,120628
AEM00041194,                   "DUBAI INT'L AIRPORT",  25.2500,   55.3333,     8.0,198107,     0, , ,W,120628
AEM00041194,                   "DUBAI INT'L AIRPORT",  25.2500,   55.3333,     8.0,198108,     0, , ,W,120628
AEM00041194,                   "DUBAI INT'L AIRPORT",  25.2500,   55.3333,     8.0,198109,     0, , ,W,120628
AEM00041194,                   "DUBAI INT'L AIRPORT",  25.2500,   55.3333,     8.0,198110,     0, , ,W,120628
AEM00041194,                   "DUBAI INT'L AIRPORT",  25.2500,   55.3333,     8.0,198111,     0, , ,W,120628
AEM00041194,                   "DUBAI INT'L AIRPORT",  25.2500,   55.3333,     8.0,198112,     0, , ,W,120628
AEM00041194,                   "DUBAI INT'L AIRPORT",  25.2500,   55.3333,     8.0,198201,   112, , ,W,120628
AEM00041194,                   "DUBAI INT'L AIRPORT",  25.2500,   55.3333,     8.0,198202,   736, , ,W,120628
AEM00041194,                   "DUBAI INT'L AIRPORT",  25.2500,   55.3333,     8.0,198203,  1091, , ,W,120628
AEM00041194,                   "DUBAI INT'L AIRPORT",  25.2500,   55.3333,     8.0,198204,     0, , ,W,120628
AEM00041194,                   "DUBAI INT'L AIRPORT",  25.2500,   55.3333,     8.0,198205,     0, , ,W,120628
AEM00041194,                   "DUBAI INT'L AIRPORT",  25.2500,   55.3333,     8.0,198206,     0, , ,W,120628
AEM00041194,                   "DUBAI INT'L AIRPORT",  25.2500,   55.3333,     8.0,198207,     0, , ,W,120628
AEM00041194,                   "DUBAI INT'L AIRPORT",  25.2500,   55.3333,     8.0,198208,     0, , ,W,120628
AEM00041194,                   "DUBAI INT'L AIRPORT",  25.2500,   55.3333,     8.0,198209,     0, , ,W,120628
AEM00041194,                   "DUBAI INT'L AIRPORT",  25.2500,   55.3333,     8.0,198210,     0, , ,W,120628
AEM00041194,                   "DUBAI INT'L AIRPORT",  25.2500,   55.3333,     8.0,198211,    60, , ,W,120628
AEM00041194,                   "DUBAI INT'L AIRPORT",  25.2500,   55.3333,     8.0,198212,   126, , ,W,120628
AEM00041194,                   "DUBAI INT'L AIRPORT",  25.2500,   55.3333,     8.0,198301,   235, , ,W,120628
AEM00041194,                   "DUBAI INT'L AIRPORT",  25.2500,   55.3333,     8.0,198302,   490, , ,W,120628
AEM00041194,                   "DUBAI INT'L AIRPORT",  25.2500,   55.3333,     8.0,198303,   200, , ,W,120628
AEM00041194,                   "DUBAI INT'L AIRPORT",  25.2500,   55.3333,     8.0,198304,   142, , ,W,120628
AEM00041194,                   "DUBAI INT'L AIRPORT",  25.2500,   55.3333,     8.0,198305,     0, , ,W,120628
AEM00041194,                   "DUBAI INT'L AIRPORT",  25.2500,   55.3333,     8.0,198306,     0, , ,W,120628
AEM00041194,                   "DUBAI INT'L AIRPORT",  25.2500,   55.3333,     8.0,198307,     0, , ,W,120628
AEM00041194,                   "DUBAI INT'L AIRPORT",  25.2500,   55.3333,     8.0,198308,     0, , ,W,120628
AEM00041194,                   "DUBAI INT'L AIRPORT",  25.2500,   55.3333,     8.0,198309,     0, , ,W,120628
AEM00041194,                   "DUBAI INT'L AIRPORT",  25.2500,   55.3333,     8.0,198310,     0, , ,W,120628
AEM00041194,                   "DUBAI INT'L AIRPORT",  25.2500,   55.3333,     8.0,198311,     0, , ,W,120628
AEM00041194,                   "DUBAI INT'L AIRPORT",  25.2500,   55.3333,     8.0,198312,     0, , ,W,120628
AEM00041194,                   "DUBAI INT'L AIRPORT",  25.2500,   55.3333,     8.0,198401,     0, , ,W,120628
AEM00041194,                   "DUBAI INT'L AIRPORT",  25.2500,   55.3333,     8.0,198402,     0, , ,W,120628
AEM00041194,                   "DUBAI INT'L AIRPORT",  25.2500,   55.3333,     8.0,198403,    71, , ,W,120628
AEM00041194,                   "DUBAI INT'L AIRPORT",  25.2500,   55.3333,     8.0,198404,     0, , ,W,120628
AEM00041194,                   "DUBAI INT'L AIRPORT",  25.2500,   55.3333,     8.0,198405,     0, , ,W,120628
AEM00041194,                   "DUBAI INT'L AIRPORT",  25.2500,   55.3333,     8.0,198406,     0, , ,W,120628
AEM00041194,                   "DUBAI INT'L AIRPORT",  25.2500,   55.3333,     8.0,198407,     0, , ,W,120628
AEM00041194,                   "DUBAI INT'L AIRPORT",  25.2500,   55.3333,     8.0,198408,     0, , ,W,120628
AEM00041194,                   "DUBAI INT'L AIRPORT",  25.2500,   55.3333,     8.0,198409,     0, , ,W,120628
AEM00041194,                   "DUBAI INT'L AIRPORT",  25.2500,   55.3333,     8.0,198410,     0, , ,W,120628
AEM00041194,                   "DUBAI INT'L AIRPORT",  25.2500,   55.3333,     8.0,198411,     0, , ,W,120628
AEM00041194,                   "DUBAI INT'L AIRPORT",  25.2500,   55.3333,     8.0,198412,   157, , ,W,120628
AEM00041194,                   "DUBAI INT'L AIRPORT",  25.2500,   55.3333,     8.0,198501,    57, , ,W,120628
AEM00041194,                   "DUBAI INT'L AIRPORT",  25.2500,   55.3333,     8.0,198502,     0, , ,W,120628
AEM00041194,                   "DUBAI INT'L AIRPORT",  25.2500,   55.3333,     8.0,198503,    31, , ,W,120628
AEM00041194,                   "DUBAI INT'L AIRPORT",  25.2500,   55.3333,     8.0,198504,     0, , ,W,120628
AEM00041194,                   "DUBAI INT'L AIRPORT",  25.2500,   55.3333,     8.0,198505,     0, , ,W,120628
AEM00041194,                   "DUBAI INT'L AIRPORT",  25.2500,   55.3333,     8.0,198506,     0, , ,W,120628
AEM00041194,                   "DUBAI INT'L AIRPORT",  25.2500,   55.3333,     8.0,198507,     0, , ,W,120628
AEM00041194,                   "DUBAI INT'L AIRPORT",  25.2500,   55.3333,     8.0,198508,     0, , ,W,120628
AEM00041194,                   "DUBAI INT'L AIRPORT",  25.2500,   55.3333,     8.0,198509,     0, , ,W,120628
AEM00041194,                   "DUBAI INT'L AIRPORT",  25.2500,   55.3333,     8.0,198510,     0, , ,W,120628
AEM00041194,                   "DUBAI INT'L AIRPORT",  25.2500,   55.3333,     8.0,198511,     0, , ,W,120628
AEM00041194,                   "DUBAI INT'L AIRPORT",  25.2500,   55.3333,     8.0,198512,     2, , ,W,120628
AEM00041194,                   "DUBAI INT'L AIRPORT",  25.2500,   55.3333,     8.0,198601,   139, , ,W,120628
AEM00041194,                   "DUBAI INT'L AIRPORT",  25.2500,   55.3333,     8.0,198602,   111, , ,W,120628
AEM00041194,                   "DUBAI INT'L AIRPORT",  25.2500,   55.3333,     8.0,198603,   158, , ,W,120628
AEM00041194,                   "DUBAI INT'L AIRPORT",  25.2500,   55.3333,     8.0,198604,    14, , ,W,120628
AEM00041194,                   "DUBAI INT'L AIRPORT",  25.2500,   55.3333,     8.0,198605,     0, , ,W,120628
AEM00041194,                   "DUBAI INT'L AIRPORT",  25.2500,   55.3333,     8.0,198606,     0, , ,W,120628
AEM00041194,                   "DUBAI INT'L AIRPORT",  25.2500,   55.3333,     8.0,198607,     0, , ,W,120628
AEM00041194,                   "DUBAI INT'L AIRPORT",  25.2500,   55.3333,     8.0,198608,     0, , ,W,120628
AEM00041194,                   "DUBAI INT'L AIRPORT",  25.2500,   55.3333,     8.0,198609,     0, , ,W,120628
AEM00041194,                   "DUBAI INT'L AIRPORT",  25.2500,   55.3333,     8.0,198610,     0, , ,W,120628
AEM00041194,                   "DUBAI INT'L AIRPORT",  25.2500,   55.3333,     8.0,198611,    58, , ,W,120628
AEM00041194,                   "DUBAI INT'L AIRPORT",  25.2500,   55.3333,     8.0,198612,   757, , ,W,120628
AEM00041194,                   "DUBAI INT'L AIRPORT",  25.2500,   55.3333,     8.0,198701,     0, , ,W,120628
AEM00041194,                   "DUBAI INT'L AIRPORT",  25.2500,   55.3333,     8.0,198702,     0, , ,W,120628
AEM00041194,                   "DUBAI INT'L AIRPORT",  25.2500,   55.3333,     8.0,198703,   829, , ,W,120628
AEM00041194,                   "DUBAI INT'L AIRPORT",  25.2500,   55.3333,     8.0,198704,    55, , ,W,120628
AEM00041194,                   "DUBAI INT'L AIRPORT",  25.2500,   55.3333,     8.0,198705,     0, , ,W,120628
AEM00041194,                   "DUBAI INT'L AIRPORT",  25.2500,   55.3333,     8.0,198706,     0, , ,W,120628
AEM00041194,                   "DUBAI INT'L AIRPORT",  25.2500,   55.3333,     8.0,198707,     0, , ,W,120628
AEM00041194,                   "DUBAI INT'L AIRPORT",  25.2500,   55.3333,     8.0,198708,     0, , ,W,120628
AEM00041194,                   "DUBAI INT'L AIRPORT",  25.2500,   55.3333,     8.0,198709,     0, , ,W,120628
AEM00041194,                   "DUBAI INT'L AIRPORT",  25.2500,   55.3333,     8.0,198710,     0, , ,W,120628
AEM00041194,                   "DUBAI INT'L AIRPORT",  25.2500,   55.3333,     8.0,198711,     0, , ,W,120628
AEM00041194,                   "DUBAI INT'L AIRPORT",  25.2500,   55.3333,     8.0,198712,   137, , ,W,120628
AEM00041194,                   "DUBAI INT'L AIRPORT",  25.2500,   55.3333,     8.0,198801,    13, , ,W,120628
AEM00041194,                   "DUBAI INT'L AIRPORT",  25.2500,   55.3333,     8.0,198802,  1904, , ,W,120628
AEM00041194,                   "DUBAI INT'L AIRPORT",  25.2500,   55.3333,     8.0,198803,     3, , ,W,120628
AEM00041194,                   "DUBAI INT'L AIRPORT",  25.2500,   55.3333,     8.0,198804,   203, , ,W,120628
AEM00041194,                   "DUBAI INT'L AIRPORT",  25.2500,   55.3333,     8.0,198805,     0, , ,W,120628
AEM00041194,                   "DUBAI INT'L AIRPORT",  25.2500,   55.3333,     8.0,198806,     0, , ,W,120628
AEM00041194,                   "DUBAI INT'L AIRPORT",  25.2500,   55.3333,     8.0,198807,     5, , ,W,120628
AEM00041194,                   "DUBAI INT'L AIRPORT",  25.2500,   55.3333,     8.0,198808,     0, , ,W,120628
AEM00041194,                   "DUBAI INT'L AIRPORT",  25.2500,   55.3333,     8.0,198809,     0, , ,W,120628
AEM00041194,                   "DUBAI INT'L AIRPORT",  25.2500,   55.3333,     8.0,198810,     0, , ,W,120628
AEM00041194,                   "DUBAI INT'L AIRPORT",  25.2500,   55.3333,     8.0,198811,     0, , ,W,120628
AEM00041194,                   "DUBAI INT'L AIRPORT",  25.2500,   55.3333,     8.0,198812,    78, , ,W,120628
AEM00041194,                   "DUBAI INT'L AIRPORT",  25.2500,   55.3333,     8.0,198901,     0, , ,W,120628
AEM00041194,                   "DUBAI INT'L AIRPORT",  25.2500,   55.3333,     8.0,198902,   143, , ,W,120628
AEM00041194,                   "DUBAI INT'L AIRPORT",  25.2500,   55.3333,     8.0,198903,   327, , ,W,120628
AEM00041194,                   "DUBAI INT'L AIRPORT",  25.2500,   55.3333,     8.0,198904,    91, , ,W,120628
AEM00041194,                   "DUBAI INT'L AIRPORT",  25.2500,   55.3333,     8.0,198905,     0, , ,W,120628
AEM00041194,                   "DUBAI INT'L AIRPORT",  25.2500,   55.3333,     8.0,198906,     0, , ,W,120628
AEM00041194,                   "DUBAI INT'L AIRPORT",  25.2500,   55.3333,     8.0,198907,     0, , ,W,120628
AEM00041194,                   "DUBAI INT'L AIRPORT",  25.2500,   55.3333,     8.0,198908,     0, , ,W,120628
AEM00041194,                   "DUBAI INT'L AIRPORT",  25.2500,   55.3333,     8.0,198909,     0, , ,W,120628
AEM00041194,                   "DUBAI INT'L AIRPORT",  25.2500,   55.3333,     8.0,198910,     0, , ,W,120628
AEM00041194,                   "DUBAI INT'L AIRPORT",  25.2500,   55.3333,     8.0,198911,   170, , ,W,120628
AEM00041194,                   "DUBAI INT'L AIRPORT",  25.2500,   55.3333,     8.0,198912,   703, , ,W,120628
AEM00041194,                   "DUBAI INT'L AIRPORT",  25.2500,   55.3333,     8.0,199001,   423, , ,W,120628
AEM00041194,                   "DUBAI INT'L AIRPORT",  25.2500,   55.3333,     8.0,199002,   708, , ,W,120628
AEM00041194,                   "DUBAI INT'L AIRPORT",  25.2500,   55.3333,     8.0,199003,    13, , ,W,120628
AEM00041194,                   "DUBAI INT'L AIRPORT",  25.2500,   55.3333,     8.0,199004,    79, , ,W,120628
AEM00041194,                   "DUBAI INT'L AIRPORT",  25.2500,   55.3333,     8.0,199005,     0, , ,W,120628
AEM00041194,                   "DUBAI INT'L AIRPORT",  25.2500,   55.3333,     8.0,199006,     0, , ,W,120628
AEM00041194,                   "DUBAI INT'L AIRPORT",  25.2500,   55.3333,     8.0,199007,     0, , ,W,120628
AEM00041194,                   "DUBAI INT'L AIRPORT",  25.2500,   55.3333,     8.0,199008,     3, , ,W,120628
AEM00041194,                   "DUBAI INT'L AIRPORT",  25.2500,   55.3333,     8.0,199009,     0, , ,W,120628
AEM00041194,                   "DUBAI INT'L AIRPORT",  25.2500,   55.3333,     8.0,199010,     0, , ,W,120628
AEM00041194,                   "DUBAI INT'L AIRPORT",  25.2500,   55.3333,     8.0,199011,     0, , ,W,120628
AEM00041194,                   "DUBAI INT'L AIRPORT",  25.2500,   55.3333,     8.0,199012,     0, , ,W,120628
AEM00041194,                   "DUBAI INT'L AIRPORT",  25.2500,   55.3333,     8.0,199101,   277, , ,W,120628
AEM00041194,                   "DUBAI INT'L AIRPORT",  25.2500,   55.3333,     8.0,199102,    43, , ,W,120628
AEM00041194,                   "DUBAI INT'L AIRPORT",  25.2500,   55.3333,     8.0,199103,   222, , ,W,120628
AEM00041194,                   "DUBAI INT'L AIRPORT",  25.2500,   55.3333,     8.0,199104,     3, , ,W,120628
AEM00041194,                   "DUBAI INT'L AIRPORT",  25.2500,   55.3333,     8.0,199105,     0, , ,W,120628
AEM00041194,                   "DUBAI INT'L AIRPORT",  25.2500,   55.3333,     8.0,199106,     0, , ,W,120628
AEM00041194,                   "DUBAI INT'L AIRPORT",  25.2500,   55.3333,     8.0,199107,     0, , ,W,120628
AEM00041194,                   "DUBAI INT'L AIRPORT",  25.2500,   55.3333,     8.0,199108,     0, , ,W,120628
AEM00041194,                   "DUBAI INT'L AIRPORT",  25.2500,   55.3333,     8.0,199109,     0, , ,W,120628
AEM00041194,                   "DUBAI INT'L AIRPORT",  25.2500,   55.3333,     8.0,199110,     0, , ,W,120628
AEM00041194,                   "DUBAI INT'L AIRPORT",  25.2500,   55.3333,     8.0,199111,     0, , ,W,120628
AEM00041194,                   "DUBAI INT'L AIRPORT",  25.2500,   55.3333,     8.0,199112,   172, , ,W,120628
AEM00041194,                   "DUBAI INT'L AIRPORT",  25.2500,   55.3333,     8.0,199201,   314, , ,W,120628
AEM00041194,                   "DUBAI INT'L AIRPORT",  25.2500,   55.3333,     8.0,199202,   384, , ,W,120628
AEM00041194,                   "DUBAI INT'L AIRPORT",  25.2500,   55.3333,     8.0,199203,    13, , ,W,120628
AEM00041194,                   "DUBAI INT'L AIRPORT",  25.2500,   55.3333,     8.0,199204,   437, , ,W,120628
AEM00041194,                   "DUBAI INT'L AIRPORT",  25.2500,   55.3333,     8.0,199205,     0, , ,W,120628
AEM00041194,                   "DUBAI INT'L AIRPORT",  25.2500,   55.3333,     8.0,199206,     0, , ,W,120628
AEM00041194,                   "DUBAI INT'L AIRPORT",  25.2500,   55.3333,     8.0,199207,     0, , ,W,120628
AEM00041194,                   "DUBAI INT'L AIRPORT",  25.2500,   55.3333,     8.0,199208,     0, , ,W,120628
AEM00041194,                   "DUBAI INT'L AIRPORT",  25.2500,   55.3333,     8.0,199209,     0, , ,W,120628
AEM00041194,                   "DUBAI INT'L AIRPORT",  25.2500,   55.3333,     8.0,199210,     0, , ,W,120628
AEM00041194,                   "DUBAI INT'L AIRPORT",  25.2500,   55.3333,     8.0,199211,     0, , ,W,120628
AEM00041194,                   "DUBAI INT'L AIRPORT",  25.2500,   55.3333,     8.0,199212,   449, , ,W,120628
AEM00041194,                   "DUBAI INT'L AIRPORT",  25.2500,   55.3333,     8.0,199301,    21, , ,W,120628
AEM00041194,                   "DUBAI INT'L AIRPORT",  25.2500,   55.3333,     8.0,199302,   836, , ,W,120628
AEM00041194,                   "DUBAI INT'L AIRPORT",  25.2500,   55.3333,     8.0,199303,    10, , ,W,120628
AEM00041194,                   "DUBAI INT'L AIRPORT",  25.2500,   55.3333,     8.0,199304,     5, , ,W,120628
AEM00041194,                   "DUBAI INT'L AIRPORT",  25.2500,   55.3333,     8.0,199305,     0, , ,W,120628
AEM00041194,                   "DUBAI INT'L AIRPORT",  25.2500,   55.3333,     8.0,199306,     0, , ,W,120628
AEM00041194,                   "DUBAI INT'L AIRPORT",  25.2500,   55.3333,     8.0,199307,     0, , ,W,120628
AEM00041194,                   "DUBAI INT'L AIRPORT",  25.2500,   55.3333,     8.0,199308,     0, , ,W,120628
AEM00041194,                   "DUBAI INT'L AIRPORT",  25.2500,   55.3333,     8.0,199309,     0, , ,W,120628
AEM00041194,                   "DUBAI INT'L AIRPORT",  25.2500,   55.3333,     8.0,199310,     0, , ,W,120628
AEM00041194,                   "DUBAI INT'L AIRPORT",  25.2500,   55.3333,     8.0,199311,     0, , ,W,120628
AEM00041194,                   "DUBAI INT'L AIRPORT",  25.2500,   55.3333,     8.0,199312,     0, , ,W,120628
AEM00041194,                   "DUBAI INT'L AIRPORT",  25.2500,   55.3333,     8.0,199401,    75, , ,W,120628
AEM00041194,                   "DUBAI INT'L AIRPORT",  25.2500,   55.3333,     8.0,199402,     0, , ,W,120628
AEM00041194,                   "DUBAI INT'L AIRPORT",  25.2500,   55.3333,     8.0,199403,    20, , ,W,120628
AEM00041194,                   "DUBAI INT'L AIRPORT",  25.2500,   55.3333,     8.0,199404,    20, , ,W,120628
AEM00041194,                   "DUBAI INT'L AIRPORT",  25.2500,   55.3333,     8.0,199405,     3, , ,W,120628
AEM00041194,                   "DUBAI INT'L AIRPORT",  25.2500,   55.3333,     8.0,199406,     0, , ,W,120628
AEM00041194,                   "DUBAI INT'L AIRPORT",  25.2500,   55.3333,     8.0,199407,     0, , ,W,120628
AEM00041194,                   "DUBAI INT'L AIRPORT",  25.2500,   55.3333,     8.0,199408,     0, , ,W,120628
AEM00041194,                   "DUBAI INT'L AIRPORT",  25.2500,   55.3333,     8.0,199409,    13, , ,W,120628
AEM00041194,                   "DUBAI INT'L AIRPORT",  25.2500,   55.3333,     8.0,199410,     0, , ,W,120628
AEM00041194,                   "DUBAI INT'L AIRPORT",  25.2500,   55.3333,     8.0,199411,     3, , ,W,120628
AEM00041194,                   "DUBAI INT'L AIRPORT",  25.2500,   55.3333,     8.0,199412,     0, , ,W,120628
AEM00041194,                   "DUBAI INT'L AIRPORT",  25.2500,   55.3333,     8.0,199501,     0, , ,W,120628
AEM00041194,                   "DUBAI INT'L AIRPORT",  25.2500,   55.3333,     8.0,199502,    93, , ,W,120628
AEM00041194,                   "DUBAI INT'L AIRPORT",  25.2500,   55.3333,     8.0,199503,   434, , ,W,120628
AEM00041194,                   "DUBAI INT'L AIRPORT",  25.2500,   55.3333,     8.0,199504,     5, , ,W,120628
AEM00041194,                   "DUBAI INT'L AIRPORT",  25.2500,   55.3333,     8.0,199505,     0, , ,W,120628
AEM00041194,                   "DUBAI INT'L AIRPORT",  25.2500,   55.3333,     8.0,199506,     0, , ,W,120628
AEM00041194,                   "DUBAI INT'L AIRPORT",  25.2500,   55.3333,     8.0,199507,   332, , ,W,120628
AEM00041194,                   "DUBAI INT'L AIRPORT",  25.2500,   55.3333,     8.0,199508,     0, , ,W,120628
AEM00041194,                   "DUBAI INT'L AIRPORT",  25.2500,   55.3333,     8.0,199509,     0, , ,W,120628
AEM00041194,                   "DUBAI INT'L AIRPORT",  25.2500,   55.3333,     8.0,199510,     0, , ,W,120628
AEM00041194,                   "DUBAI INT'L AIRPORT",  25.2500,   55.3333,     8.0,199511,     0, , ,W,120628
AEM00041194,                   "DUBAI INT'L AIRPORT",  25.2500,   55.3333,     8.0,199512,  1306, , ,W,120628
AEM00041194,                   "DUBAI INT'L AIRPORT",  25.2500,   55.3333,     8.0,199601,   486, , ,W,120628
AEM00041194,                   "DUBAI INT'L AIRPORT",  25.2500,   55.3333,     8.0,199602,   200, , ,W,120628
AEM00041194,                   "DUBAI INT'L AIRPORT",  25.2500,   55.3333,     8.0,199603,  1554, , ,W,120628
AEM00041194,                   "DUBAI INT'L AIRPORT",  25.2500,   55.3333,     8.0,199604,     3, , ,W,120628
AEM00041194,                   "DUBAI INT'L AIRPORT",  25.2500,   55.3333,     8.0,199605,     0, , ,W,120628
AEM00041194,                   "DUBAI INT'L AIRPORT",  25.2500,   55.3333,     8.0,199606,     0, , ,W,120628
AEM00041194,                   "DUBAI INT'L AIRPORT",  25.2500,   55.3333,     8.0,199607,     0, , ,W,120628
AEM00041194,                   "DUBAI INT'L AIRPORT",  25.2500,   55.3333,     8.0,199608,     0, , ,W,120628
AEM00041194,                   "DUBAI INT'L AIRPORT",  25.2500,   55.3333,     8.0,199609,     0, , ,W,120628
AEM00041194,                   "DUBAI INT'L AIRPORT",  25.2500,   55.3333,     8.0,199610,     0, , ,W,120628
AEM00041194,                   "DUBAI INT'L AIRPORT",  25.2500,   55.3333,     8.0,199611,     0, , ,W,120628
AEM00041194,                   "DUBAI INT'L AIRPORT",  25.2500,   55.3333,     8.0,199612,    43, , ,W,120628
AEM00041194,                   "DUBAI INT'L AIRPORT",  25.2500,   55.3333,     8.0,199701,   675, , ,W,120628
AEM00041194,                   "DUBAI INT'L AIRPORT",  25.2500,   55.3333,     8.0,199702,     0, , ,W,120628
AEM00041194,                   "DUBAI INT'L AIRPORT",  25.2500,   55.3333,     8.0,199703,  1185, , ,W,120628
AEM00041194,                   "DUBAI INT'L AIRPORT",  25.2500,   55.3333,     8.0,199704,    32, , ,W,120628
AEM00041194,                   "DUBAI INT'L AIRPORT",  25.2500,   55.3333,     8.0,199705,     0, , ,W,120628
AEM00041194,                   "DUBAI INT'L AIRPORT",  25.2500,   55.3333,     8.0,199706,     0, , ,W,120628
AEM00041194,                   "DUBAI INT'L AIRPORT",  25.2500,   55.3333,     8.0,199707,     0, , ,W,120628
AEM00041194,                   "DUBAI INT'L AIRPORT",  25.2500,   55.3333,     8.0,199708,     0, , ,W,120628
AEM00041194,                   "DUBAI INT'L AIRPORT",  25.2500,   55.3333,     8.0,199709,     0, , ,W,120628
AEM00041194,                   "DUBAI INT'L AIRPORT",  25.2500,   55.3333,     8.0,199710,   428, , ,W,120628
AEM00041194,                   "DUBAI INT'L AIRPORT",  25.2500,   55.3333,     8.0,199711,   307, , ,W,120628
AEM00041194,                   "DUBAI INT'L AIRPORT",  25.2500,   55.3333,     8.0,199712,    90, , ,W,120628
AEM00041194,                   "DUBAI INT'L AIRPORT",  25.2500,   55.3333,     8.0,199801,   819, , ,W,120628
AEM00041194,                   "DUBAI INT'L AIRPORT",  25.2500,   55.3333,     8.0,199802,   214, , ,W,120628
AEM00041194,                   "DUBAI INT'L AIRPORT",  25.2500,   55.3333,     8.0,199803,    54, , ,W,120628
AEM00041194,                   "DUBAI INT'L AIRPORT",  25.2500,   55.3333,     8.0,199804,     8, , ,W,120628
AEM00041194,                   "DUBAI INT'L AIRPORT",  25.2500,   55.3333,     8.0,199805,     0, , ,W,120628
AEM00041194,                   "DUBAI INT'L AIRPORT",  25.2500,   55.3333,     8.0,199806,     0, , ,W,120628
AEM00041194,                   "DUBAI INT'L AIRPORT",  25.2500,   55.3333,     8.0,199807,     0, , ,W,120628
AEM00041194,                   "DUBAI INT'L AIRPORT",  25.2500,   55.3333,     8.0,199808,     0, , ,W,120628
AEM00041194,                   "DUBAI INT'L AIRPORT",  25.2500,   55.3333,     8.0,199809,     0, , ,W,120628
AEM00041194,                   "DUBAI INT'L AIRPORT",  25.2500,   55.3333,     8.0,199810,     0, , ,W,120628
AEM00041194,                   "DUBAI INT'L AIRPORT",  25.2500,   55.3333,     8.0,199811,     0, , ,W,120628
AEM00041194,                   "DUBAI INT'L AIRPORT",  25.2500,   55.3333,     8.0,199812,     5, , ,W,120628
AEM00041194,                   "DUBAI INT'L AIRPORT",  25.2500,   55.3333,     8.0,199901,     3, , ,W,120628
AEM00041194,                   "DUBAI INT'L AIRPORT",  25.2500,   55.3333,     8.0,199902,   372, , ,W,120628
AEM00041194,                   "DUBAI INT'L AIRPORT",  25.2500,   55.3333,     8.0,199903,    70, , ,W,120628
AEM00041194,                   "DUBAI INT'L AIRPORT",  25.2500,   55.3333,     8.0,199904,     0, , ,W,120628
AEM00041194,                   "DUBAI INT'L AIRPORT",  25.2500,   55.3333,     8.0,199905,     0, , ,W,120628
AEM00041194,                   "DUBAI INT'L AIRPORT",  25.2500,   55.3333,     8.0,199906,     0, , ,W,120628
AEM00041194,                   "DUBAI INT'L AIRPORT",  25.2500,   55.3333,     8.0,199907,     0, , ,W,120628
AEM00041194,                   "DUBAI INT'L AIRPORT",  25.2500,   55.3333,     8.0,199908,     0, , ,W,120628
AEM00041194,                   "DUBAI INT'L AIRPORT",  25.2500,   55.3333,     8.0,199909,     0, , ,W,120628
AEM00041194,                   "DUBAI INT'L AIRPORT",  25.2500,   55.3333,     8.0,199910,     0, , ,W,120628
AEM00041194,                   "DUBAI INT'L AIRPORT",  25.2500,   55.3333,     8.0,199911,     0, , ,W,120628
AEM00041194,                   "DUBAI INT'L AIRPORT",  25.2500,   55.3333,     8.0,199912,     0, , ,W,120628
AEM00041194,                   "DUBAI INT'L AIRPORT",  25.2500,   55.3333,     8.0,200001,     3, , ,W,120628
AEM00041194,                   "DUBAI INT'L AIRPORT",  25.2500,   55.3333,     8.0,200002,     0, , ,W,120628
AEM00041194,                   "DUBAI INT'L AIRPORT",  25.2500,   55.3333,     8.0,200003,     0, , ,W,120628
AEM00041194,                   "DUBAI INT'L AIRPORT",  25.2500,   55.3333,     8.0,200004,     0, , ,W,120628
AEM00041194,                   "DUBAI INT'L AIRPORT",  25.2500,   55.3333,     8.0,200005,     0, , ,W,120628
AEM00041194,                   "DUBAI INT'L AIRPORT",  25.2500,   55.3333,     8.0,200006,     0, , ,W,120628
AEM00041194,                   "DUBAI INT'L AIRPORT",  25.2500,   55.3333,     8.0,200007,     0, , ,W,120628
AEM00041194,                   "DUBAI INT'L AIRPORT",  25.2500,   55.3333,     8.0,200008,     0, , ,W,120628
AEM00041194,                   "DUBAI INT'L AIRPORT",  25.2500,   55.3333,     8.0,200009,     0, , ,W,120628
AEM00041194,                   "DUBAI INT'L AIRPORT",  25.2500,   55.3333,     8.0,200010,     0, , ,W,120628
AEM00041194,                   "DUBAI INT'L AIRPORT",  25.2500,   55.3333,     8.0,200011,    62, , ,W,120628
AEM00041194,                   "DUBAI INT'L AIRPORT",  25.2500,   55.3333,     8.0,200012,   177, , ,W,120628
AEM00041194,                    "DUBAI INT. AIRPORT",  25.3000,   55.3000,     8.0,200101,   750, , ,R,105769
AEM00041194,                    "DUBAI INT. AIRPORT",  25.3000,   55.3000,     8.0,200102,     0, , ,R,105769
AEM00041194,                    "DUBAI INT. AIRPORT",  25.3000,   55.3000,     8.0,200103,   100, , ,R,105769
AEM00041194,                    "DUBAI INT. AIRPORT",  25.3000,   55.3000,     8.0,200104,     0, , ,R,105769
AEM00041194,                    "DUBAI INT. AIRPORT",  25.3000,   55.3000,     8.0,200106,     0, , ,R,105769
AEM00041194,                    "DUBAI INT. AIRPORT",  25.3000,   55.3000,     8.0,200107,     0, , ,R,105769
AEM00041194,                    "DUBAI INT. AIRPORT",  25.3000,   55.3000,     8.0,200108,     0, , ,R,105769
AEM00041194,                    "DUBAI INT. AIRPORT",  25.3000,   55.3000,     8.0,200109,     0, , ,R,105769
AEM00041194,                    "DUBAI INT. AIRPORT",  25.3000,   55.3000,     8.0,200212,   400, , ,R,105769
AEM00041194,                    "DUBAI INT. AIRPORT",  25.3000,   55.3000,     8.0,200301,    30, , ,R,105769
AEM00041194,                    "DUBAI INT. AIRPORT",  25.3000,   55.3000,     8.0,200302,    90, , ,R,105769
AEM00041194,                    "DUBAI INT. AIRPORT",  25.3000,   55.3000,     8.0,200303,    60, , ,R,105769
AEM00041194,                    "DUBAI INT. AIRPORT",  25.3000,   55.3000,     8.0,200304,   190, , ,R,105769
AEM00041194,           "DUBAI INTERNATIONAL AIRPORT",  25.2500,   55.3333,     5.0,200312,     0, , ,M,116578
AEM00041194,                    "DUBAI INT. AIRPORT",  25.3000,   55.3000,     8.0,200401,   110, , ,R,105769
AEM00041194,           "DUBAI INTERNATIONAL AIRPORT",  25.2500,   55.3333,     5.0,200402,     0, , ,M,116578
AEM00041194,                    "DUBAI INT. AIRPORT",  25.3000,   55.3000,     8.0,200403,    60, , ,R,105769
AEM00041194,                            "DUBAI INTL",  25.2550,   55.3640,    10.4,200404,     0,B, ,S,000004
AEM00041194,                            "DUBAI INTL",  25.2550,   55.3640,    10.4,200405,     0, , ,S,000004
AEM00041194,                            "DUBAI INTL",  25.2550,   55.3640,    10.4,200406,     0,A, ,S,000004
AEM00041194,                            "DUBAI INTL",  25.2550,   55.3640,    10.4,200407,     0,E, ,S,000004
AEM00041194,                            "DUBAI INTL",  25.2550,   55.3640,    10.4,200408,     0,A, ,S,000004
AEM00041194,                            "DUBAI INTL",  25.2550,   55.3640,    10.4,200409,     0,A, ,S,000004
AEM00041194,                            "DUBAI INTL",  25.2550,   55.3640,    10.4,200410,     0, , ,S,000004
AEM00041194,                            "DUBAI INTL",  25.2550,   55.3640,    10.4,200411,   229, , ,S,000004
AEM00041194,                            "DUBAI INTL",  25.2550,   55.3640,    10.4,200412,   353,B, ,S,000004
AEM00041194,                            "DUBAI INTL",  25.2550,   55.3640,    10.4,200501,   155, , ,S,000004
AEM00041194,                            "DUBAI INTL",  25.2550,   55.3640,    10.4,200502,    21, , ,S,000004
AEM00041194,                            "DUBAI INTL",  25.2550,   55.3640,    10.4,200503,    51,C, ,S,000004
AEM00041194,                            "DUBAI INTL",  25.2550,   55.3640,    10.4,200504,    11,B, ,S,000004
AEM00041194,                            "DUBAI INTL",  25.2550,   55.3640,    10.4,200505,     0, , ,S,000004
AEM00041194,                            "DUBAI INTL",  25.2550,   55.3640,    10.4,200506,     0, , ,S,000004
AEM00041194,                            "DUBAI INTL",  25.2550,   55.3640,    10.4,200507,     0, , ,S,000004
AEM00041194,                            "DUBAI INTL",  25.2550,   55.3640,    10.4,200508,     0,A, ,S,000004
AEM00041194,                            "DUBAI INTL",  25.2550,   55.3640,    10.4,200509,     0,A, ,S,000004
AEM00041194,                            "DUBAI INTL",  25.2550,   55.3640,    10.4,200601,     5,B, ,S,000004
AEM00041194,                            "DUBAI INTL",  25.2550,   55.3640,    10.4,200602,   328,B, ,S,000004
AEM00041194,                            "DUBAI INTL",  25.2550,   55.3640,    10.4,200603,    23, , ,S,000004
AEM00041194,                            "DUBAI INTL",  25.2550,   55.3640,    10.4,200604,     0,B, ,S,000004
AEM00041194,                            "DUBAI INTL",  25.2550,   55.3640,    10.4,200605,     0, , ,S,000004
AEM00041194,                            "DUBAI INTL",  25.2550,   55.3640,    10.4,200606,     0, , ,S,000004
AEM00041194,                            "DUBAI INTL",  25.2550,   55.3640,    10.4,200607,     0, , ,S,000004
AEM00041194,                            "DUBAI INTL",  25.2550,   55.3640,    10.4,200608,     0, , ,S,000004
AEM00041194,                            "DUBAI INTL",  25.2550,   55.3640,    10.4,200609,     0,A, ,S,000004
AEM00041194,                            "DUBAI INTL",  25.2550,   55.3640,    10.4,200610,     0, , ,S,000004
AEM00041194,                            "DUBAI INTL",  25.2550,   55.3640,    10.4,200611,    26, , ,S,000004
AEM00041194,                            "DUBAI INTL",  25.2550,   55.3640,    10.4,200612,   655, , ,S,000004
AEM00041194,                            "DUBAI INTL",  25.2550,   55.3640,    10.4,200701,     5, , ,S,000004
AEM00041194,                            "DUBAI INTL",  25.2550,   55.3640,    10.4,200702,    38, , ,S,000004
AEM00041194,                            "DUBAI INTL",  25.2550,   55.3640,    10.4,200703,     0,A, ,S,000004
AEM00041194,                            "DUBAI INTL",  25.2550,   55.3640,    10.4,200704,    33, , ,S,000004
AEM00041194,                            "DUBAI INTL",  25.2550,   55.3640,    10.4,200709,     0,A, ,S,000004
AEM00041194,                            "DUBAI INTL",  25.2550,   55.3640,    10.4,200710,     0,A, ,S,000004
AEM00041194,                            "DUBAI INTL",  25.2550,   55.3640,    10.4,200711,     0,B, ,S,000004
AEM00041194,                            "DUBAI INTL",  25.2550,   55.3640,    10.4,200712,     0, , ,S,000004
AEM00041194,                            "DUBAI INTL",  25.2550,   55.3640,    10.4,200801,  1087, , ,S,000004
AEM00041194,                            "DUBAI INTL",  25.2550,   55.3640,    10.4,200802,     3, , ,S,000004
AEM00041194,                            "DUBAI INTL",  25.2550,   55.3640,    10.4,200803,     0, , ,S,000004
AEM00041194,                            "DUBAI INTL",  25.2550,   55.3640,    10.4,200804,     0,B, ,S,000004
AEM00041194,                            "DUBAI INTL",  25.2550,   55.3640,    10.4,200805,     0,A, ,S,000004
AEM00041194,                            "DUBAI INTL",  25.2550,   55.3640,    10.4,200806,     0, , ,S,000004
AEM00041194,                            "DUBAI INTL",  25.2550,   55.3640,    10.4,200807,     0, , ,S,000004
AEM00041194,                            "DUBAI INTL",  25.2550,   55.3640,    10.4,200808,     0, , ,S,000004
AEM00041194,                            "DUBAI INTL",  25.2550,   55.3640,    10.4,200809,     0, , ,S,000004
AEM00041194,                            "DUBAI INTL",  25.2550,   55.3640,    10.4,200810,     0, , ,S,000004
AEM00041194,                            "DUBAI INTL",  25.2550,   55.3640,    10.4,200812,   259,C, ,S,000004
AEM00041194,                            "DUBAI INTL",  25.2550,   55.3640,    10.4,200901,   145,C, ,S,000004
AEM00041194,                            "DUBAI INTL",  25.2550,   55.3640,    10.4,200903,   396,D, ,S,000004
AEM00041194,                            "DUBAI INTL",  25.2550,   55.3640,    10.4,200905,     0,E, ,S,000004
AEM00041194,                            "DUBAI INTL",  25.2550,   55.3640,    10.4,200906,     0,C, ,S,000004
AEM00041194,                            "DUBAI INTL",  25.2550,   55.3640,    10.4,200907,     0,A, ,S,000004
AEM00041194,                            "DUBAI INTL",  25.2550,   55.3640,    10.4,200908,     0,A, ,S,000004
AEM00041194,                            "DUBAI INTL",  25.2550,   55.3640,    10.4,200909,     0,D, ,S,000004
AEM00041194,                            "DUBAI INTL",  25.2550,   55.3640,    10.4,200910,     0,A, ,S,000004
AEM00041194,                            "DUBAI INTL",  25.2550,   55.3640,    10.4,200911,     0,A, ,S,000004
AEM00041194,                            "DUBAI INTL",  25.2550,   55.3640,    10.4,200912,   417, , ,S,000004
AEM00041194,                            "DUBAI INTL",  25.2550,   55.3640,    10.4,201001,    69, , ,S,000004
AEM00041194,                            "DUBAI INTL",  25.2550,   55.3640,    10.4,201002,   178,A, ,S,000004
AEM00041194,                            "DUBAI INTL",  25.2550,   55.3640,    10.4,201003,   170,A, ,S,000004
AEM00041194,                            "DUBAI INTL",  25.2550,   55.3640,    10.4,201004,    10, , ,S,000004
AEM00041194,                            "DUBAI INTL",  25.2550,   55.3640,    10.4,201005,     0,A, ,S,000004
AEM00041194,                            "DUBAI INTL",  25.2550,   55.3640,    10.4,201006,     0,A, ,S,000004
AEM00041194,                            "DUBAI INTL",  25.2550,   55.3640,    10.4,201007,     0,C, ,S,000004
AEM00041194,                            "DUBAI INTL",  25.2550,   55.3640,    10.4,201008,   800, , ,S,000004
AEM00041194,                            "DUBAI INTL",  25.2550,   55.3640,    10.4,201009,     0, , ,S,000004
AEM00041194,                            "DUBAI INTL",  25.2550,   55.3640,    10.4,201010,     0,A, ,S,000004
AEM00041194,                            "DUBAI INTL",  25.2550,   55.3640,    10.4,201011,     0, , ,S,000004
AEM00041194,                            "DUBAI INTL",  25.2550,   55.3640,    10.4,201012,     0, , ,S,000004
AEM00041194,                   "DUBAI INT'L AIRPORT",  25.2500,   55.3333,     8.0,201101,    60, , ,W,120628
AEM00041194,                   "DUBAI INT'L AIRPORT",  25.2500,   55.3333,     8.0,201102,     4, , ,W,120628
AEM00041194,                   "DUBAI INT'L AIRPORT",  25.2500,   55.3333,     8.0,201103,     0, , ,W,120628
AEM00041194,                   "DUBAI INT'L AIRPORT",  25.2500,   55.3333,     8.0,201104,   166, , ,W,120628
AEM00041194,                   "DUBAI INT'L AIRPORT",  25.2500,   55.3333,     8.0,201105,     0, , ,W,120628
AEM00041194,                   "DUBAI INT'L AIRPORT",  25.2500,   55.3333,     8.0,201106,     0, , ,W,120628
AEM00041194,                   "DUBAI INT'L AIRPORT",  25.2500,   55.3333,     8.0,201107,     0, , ,W,120628
AEM00041194,                   "DUBAI INT'L AIRPORT",  25.2500,   55.3333,     8.0,201108,     0, , ,W,120628
AEM00041194,                   "DUBAI INT'L AIRPORT",  25.2500,   55.3333,     8.0,201109,     0, , ,W,120628
AEM00041194,                   "DUBAI INT'L AIRPORT",  25.2500,   55.3333,     8.0,201110,     0, , ,W,120628
AEM00041194,                   "DUBAI INT'L AIRPORT",  25.2500,   55.3333,     8.0,201111,     8, , ,W,120628
AEM00041194,                   "DUBAI INT'L AIRPORT",  25.2500,   55.3333,     8.0,201112,     0, , ,W,120628
AEM00041194,                   "DUBAI INT'L AIRPORT",  25.2500,   55.3333,     8.0,201201,     2, , ,W,120628
AEM00041194,                   "DUBAI INT'L AIRPORT",  25.2500,   55.3333,     8.0,201202,     0, , ,W,120628
AEM00041194,                   "DUBAI INT'L AIRPORT",  25.2500,   55.3333,     8.0,201203,     7, , ,W,120628
AEM00041194,                   "DUBAI INT'L AIRPORT",  25.2500,   55.3333,     8.0,201204,    20, , ,W,120628
AEM00041194,                   "DUBAI INT'L AIRPORT",  25.2500,   55.3333,     8.0,201205,     0, , ,W,120628
AEM00041194,                   "DUBAI INT'L AIRPORT",  25.2500,   55.3333,     8.0,201206,     0, , ,W,120628
AEM00041194,                   "DUBAI INT'L AIRPORT",  25.2500,   55.3333,     8.0,201207,    10, , ,W,120628
AEM00041194,                   "DUBAI INT'L AIRPORT",  25.2500,   55.3333,     8.0,201208,     0, , ,W,120628
AEM00041194,                   "DUBAI INT'L AIRPORT",  25.2500,   55.3333,     8.0,201209,     0, , ,W,120628
AEM00041194,                   "DUBAI INT'L AIRPORT",  25.2500,   55.3333,     8.0,201210,     0, , ,W,120628
AEM00041194,                   "DUBAI INT'L AIRPORT",  25.2500,   55.3333,     8.0,201211,   422, , ,W,120628
AEM00041194,                   "DUBAI INT'L AIRPORT",  25.2500,   55.3333,     8.0,201212,    42, , ,W,120628
AEM00041194,                   "DUBAI INT'L AIRPORT",  25.2500,   55.3333,     8.0,201301,     0, , ,W,120628
AEM00041194,                   "DUBAI INT'L AIRPORT",  25.2500,   55.3333,     8.0,201302,    28, , ,W,120628
AEM00041194,                   "DUBAI INT'L AIRPORT",  25.2500,   55.3333,     8.0,201303,     0, , ,W,120628
AEM00041194,                   "DUBAI INT'L AIRPORT",  25.2500,   55.3333,     8.0,201304,   156, , ,W,120628
AEM00041194,                   "DUBAI INT'L AIRPORT",  25.2500,   55.3333,     8.0,201305,     0, , ,W,120628
AEM00041194,                   "DUBAI INT'L AIRPORT",  25.2500,   55.3333,     8.0,201306,     0, , ,W,120628
AEM00041194,                   "DUBAI INT'L AIRPORT",  25.2500,   55.3333,     8.0,201307,     0, , ,W,120628
AEM00041194,                   "DUBAI INT'L AIRPORT",  25.2500,   55.3333,     8.0,201308,     0, , ,W,120628
AEM00041194,                   "DUBAI INT'L AIRPORT",  25.2500,   55.3333,     8.0,201309,     0, , ,W,120628
AEM00041194,                   "DUBAI INT'L AIRPORT",  25.2500,   55.3333,     8.0,201310,     0, , ,W,120628
AEM00041194,                   "DUBAI INT'L AIRPORT",  25.2500,   55.3333,     8.0,201311,   256, , ,W,120628
AEM00041194,                   "DUBAI INT'L AIRPORT",  25.2500,   55.3333,     8.0,201312,   110, , ,W,120628
AEM00041194,                   "DUBAI INT'L AIRPORT",  25.2500,   55.3333,     8.0,201401,   174, , ,W,120628
AEM00041194,                   "DUBAI INT'L AIRPORT",  25.2500,   55.3333,     8.0,201402,    84, , ,W,120628
AEM00041194,                   "DUBAI INT'L AIRPORT",  25.2500,   55.3333,     8.0,201403,   258, , ,W,120628
AEM00041194,                   "DUBAI INT'L AIRPORT",  25.2500,   55.3333,     8.0,201404,    70, , ,W,120628
AEM00041194,                   "DUBAI INT'L AIRPORT",  25.2500,   55.3333,     8.0,201405,     0, , ,W,120628
AEM00041194,                   "DUBAI INT'L AIRPORT",  25.2500,   55.3333,     8.0,201406,     0, , ,W,120628
AEM00041194,                   "DUBAI INT'L AIRPORT",  25.2500,   55.3333,     8.0,201407,     0, , ,W,120628
AEM00041194,                   "DUBAI INT'L AIRPORT",  25.2500,   55.3333,     8.0,201408,     0, , ,W,120628
AEM00041194,                   "DUBAI INT'L AIRPORT",  25.2500,   55.3333,     8.0,201409,     0, , ,W,120628
AEM00041194,                   "DUBAI INT'L AIRPORT",  25.2500,   55.3333,     8.0,201410,     2, , ,W,120628
AEM00041194,                   "DUBAI INT'L AIRPORT",  25.2500,   55.3333,     8.0,201411,     0, , ,W,120628
AEM00041194,                   "DUBAI INT'L AIRPORT",  25.2500,   55.3333,     8.0,201412,    10, , ,W,120628
AEM00041194,                   "DUBAI INT'L AIRPORT",  25.2500,   55.3333,     8.0,201501,   228, , ,W,120628
AEM00041194,                   "DUBAI INT'L AIRPORT",  25.2500,   55.3333,     8.0,201502,     0, , ,W,120628
AEM00041194,                   "DUBAI INT'L AIRPORT",  25.2500,   55.3333,     8.0,201503,    12, , ,W,120628
AEM00041194,                   "DUBAI INT'L AIRPORT",  25.2500,   55.3333,     8.0,201504,     0, , ,W,120628
AEM00041194,                   "DUBAI INT'L AIRPORT",  25.2500,   55.3333,     8.0,201505,     4, , ,W,120628
AEM00041194,                   "DUBAI INT'L AIRPORT",  25.2500,   55.3333,     8.0,201506,     0, , ,W,120628
AEM00041194,                   "DUBAI INT'L AIRPORT",  25.2500,   55.3333,     8.0,201507,     0, , ,W,120628
AEM00041194,                   "DUBAI INT'L AIRPORT",  25.2500,   55.3333,     8.0,201508,     0, , ,W,120628
AEM00041194,                   "DUBAI INT'L AIRPORT",  25.2500,   55.3333,     8.0,201509,     0, , ,W,120628
AEM00041194,                   "DUBAI INT'L AIRPORT",  25.2500,   55.3333,     8.0,201510,     0, , ,W,120628
AEM00041194,                   "DUBAI INT'L AIRPORT",  25.2500,   55.3333,     8.0,201511,    80, , ,W,120628
AEM00041194,                   "DUBAI INT'L AIRPORT",  25.2500,   55.3333,     8.0,201512,     4, , ,W,120628
AEM00041194,                   "DUBAI INT'L AIRPORT",  25.2500,   55.3333,     8.0,201601,    72, , ,W,120628
AEM00041194,                   "DUBAI INT'L AIRPORT",  25.2500,   55.3333,     8.0,201602,    48, , ,W,120628
AEM00041194,                   "DUBAI INT'L AIRPORT",  25.2500,   55.3333,     8.0,201603,   225, , ,W,120628
AEM00041194,                   "DUBAI INT'L AIRPORT",  25.2500,   55.3333,     8.0,201604,    34, , ,W,120628
AEM00041194,                   "DUBAI INT'L AIRPORT",  25.2500,   55.3333,     8.0,201605,     0, , ,W,120628
AEM00041194,                   "DUBAI INT'L AIRPORT",  25.2500,   55.3333,     8.0,201606,     0, , ,W,120628
AEM00041194,                   "DUBAI INT'L AIRPORT",  25.2500,   55.3333,     8.0,201607,     0, , ,W,120628
AEM00041194,                   "DUBAI INT'L AIRPORT",  25.2500,   55.3333,     8.0,201608,     0, , ,W,120628
AEM00041194,                   "DUBAI INT'L AIRPORT",  25.2500,   55.3333,     8.0,201609,     0, , ,W,120628
AEM00041194,                   "DUBAI INT'L AIRPORT",  25.2500,   55.3333,     8.0,201610,     0, , ,W,120628
AEM00041194,                   "DUBAI INT'L AIRPORT",  25.2500,   55.3333,     8.0,201611,     0, , ,W,120628
AEM00041194,                   "DUBAI INT'L AIRPORT",  25.2500,   55.3333,     8.0,201612,     0, , ,W,120628
AEM00041194,                            "DUBAI INTL",  25.2550,   55.3640,    10.4,201704,     0,E, ,S,000004
AEM00041194,                            "DUBAI INTL",  25.2550,   55.3640,    10.4,201801,    21,E, ,S,000004
AEM00041194,                            "DUBAI INTL",  25.2550,   55.3640,    10.4,201802,     3,C, ,S,000004
AEM00041194,                            "DUBAI INTL",  25.2550,   55.3640,    10.4,201804,     0,E, ,S,000004
AEM00041194,                            "DUBAI INTL",  25.2550,   55.3640,    10.4,201812,     5,D, ,S,000004
AEM00041194,                            "DUBAI INTL",  25.2550,   55.3640,    10.4,201901,     0, , ,S,000004
AEM00041194,                            "DUBAI INTL",  25.2550,   55.3640,    10.4,201902,    79, , ,S,000004
AEM00041194,                            "DUBAI INTL",  25.2550,   55.3640,    10.4,201903,   178, , ,S,000004
AEM00041194,                            "DUBAI INTL",  25.2550,   55.3640,    10.4,201904,   100, , ,S,000004
AEM00041194,                            "DUBAI INTL",  25.2550,   55.3640,    10.4,201905,     3, , ,S,000004
AEM00041194,                            "DUBAI INTL",  25.2550,   55.3640,    10.4,201906,     5,B, ,S,000004
AEM00041194,                            "DUBAI INTL",  25.2550,   55.3640,    10.4,201907,     0, , ,S,000004
AEM00041194,                            "DUBAI INTL",  25.2550,   55.3640,    10.4,201908,     0, , ,S,000004
AEM00041194,                            "DUBAI INTL",  25.2550,   55.3640,    10.4,201909,     0,A, ,S,000004
AEM00041194,                            "DUBAI INTL",  25.2550,   55.3640,    10.4,201910,     0,A, ,S,000004
AEM00041194,                            "DUBAI INTL",  25.2550,   55.3640,    10.4,201911,   104, , ,S,000004
AEM00041194,                            "DUBAI INTL",  25.2550,   55.3640,    10.4,201912,   269, , ,S,000004
AEM00041194,                            "DUBAI INTL",  25.2550,   55.3640,    10.4,202001,  1120,A, ,S,000004
AEM00041194,                            "DUBAI INTL",  25.2550,   55.3640,    10.4,202002,     0,A, ,S,000004
AEM00041194,                            "DUBAI INTL",  25.2550,   55.3640,    10.4,202003,   343,C, ,S,000004
AEM00041194,                            "DUBAI INTL",  25.2550,   55.3640,    10.4,202004,    36,A, ,S,000004
AEM00041194,                            "DUBAI INTL",  25.2550,   55.3640,    10.4,202005,     5, , ,S,000004
AEM00041194,                            "DUBAI INTL",  25.2550,   55.3640,    10.4,202006,     0,B, ,S,000004
AEM00041194,                            "DUBAI INTL",  25.2550,   55.3640,    10.4,202007,     0,B, ,S,000004
AEM00041194,                            "DUBAI INTL",  25.2550,   55.3640,    10.4,202008,     0, , ,S,000004
AEM00041194,                            "DUBAI INTL",  25.2550,   55.3640,    10.4,202009,     0, , ,S,000004
AEM00041194,                            "DUBAI INTL",  25.2550,   55.3640,    10.4,202010,     0, , ,S,000004
AEM00041194,                            "DUBAI INTL",  25.2550,   55.3640,    10.4,202011,     5, , ,S,000004
AEM00041194,                            "DUBAI INTL",  25.2550,   55.3640,    10.4,202012,     0, , ,S,000004
AEM00041194,                            "DUBAI INTL",  25.2550,   55.3640,    10.4,202101,     0, , ,S,000004
AEM00041194,                            "DUBAI INTL",  25.2550,   55.3640,    10.4,202103,     0, , ,S,000004
AEM00041194,                            "DUBAI INTL",  25.2550,   55.3640,    10.4,202104,     0,B, ,S,000004
AEM00041194,                            "DUBAI INTL",  25.2550,   55.3640,    10.4,202105,     0,A, ,S,000004
AEM00041194,                            "DUBAI INTL",  25.2550,   55.3640,    10.4,202106,     0,B, ,S,000004
AEM00041194,                            "DUBAI INTL",  25.2550,   55.3640,    10.4,202107,     0, , ,S,000004
AEM00041194,                            "DUBAI INTL",  25.2550,   55.3640,    10.4,202207,    33, , ,S,000004
AEM00041194,                            "DUBAI INTL",  25.2550,   55.3640,    10.4,202208,     0, , ,S,000004
AEM00041194,                            "DUBAI INTL",  25.2550,   55.3640,    10.4,202209,     0, , ,S,000004
AEM00041194,                            "DUBAI INTL",  25.2550,   55.3640,    10.4,202210,     0,E, ,S,000004
AEM00041194,                            "DUBAI INTL",  25.2550,   55.3640,    10.4,202211,     5, , ,S,000004
AEM00041194,                            "DUBAI INTL",  25.2550,   55.3640,    10.4,202212,   249,A, ,S,000004
AEM00041194,                            "DUBAI INTL",  25.2550,   55.3640,    10.4,202301,   897, , ,S,000004
AEM00041194,                            "DUBAI INTL",  25.2550,   55.3640,    10.4,202302,     0,A, ,S,000004
AEM00041194,                            "DUBAI INTL",  25.2550,   55.3640,    10.4,202303,    63,A, ,S,000004
AEM00041194,                            "DUBAI INTL",  25.2550,   55.3640,    10.4,202304,     0, , ,S,000004
AEM00041194,                            "DUBAI INTL",  25.2550,   55.3640,    10.4,202305,     3, , ,S,000004
