AJMLP037989,                                "ASTARA",  38.4300,   48.8600,   -22.0,194204,   700, , ,R,110614
AJMLP037989,                                "ASTARA",  38.4300,   48.8600,   -22.0,194205,   340, , ,R,110614
AJMLP037989,                                "ASTARA",  38.4300,   48.8600,   -22.0,194206,    30, , ,R,110614
AJMLP037989,                                "ASTARA",  38.4300,   48.8600,   -22.0,194207,   150, , ,R,110614
AJMLP037989,                                "ASTARA",  38.4300,   48.8600,   -22.0,194209,  2070, , ,R,110614
AJMLP037989,                                "ASTARA",  38.4300,   48.8600,   -22.0,194210,  1800, , ,R,110614
AJMLP037989,                                "ASTARA",  38.4300,   48.8600,   -22.0,194211,  1620, , ,R,110614
AJMLP037989,                                "ASTARA",  38.4300,   48.8600,   -22.0,194212,  1020, , ,R,110614
AJMLP037989,                                "ASTARA",  38.4300,   48.8600,   -22.0,194301,   800, , ,R,110614
AJMLP037989,                                "ASTARA",  38.4300,   48.8600,   -22.0,194302,  1860, , ,R,110614
AJMLP037989,                                "ASTARA",  38.4300,   48.8600,   -22.0,194305,   450, , ,R,110614
AJMLP037989,                                "ASTARA",  38.4300,   48.8600,   -22.0,194306,   160, , ,R,110614
AJMLP037989,                                "ASTARA",  38.4300,   48.8600,   -22.0,194307,   350, , ,R,110614
AJMLP037989,                                "ASTARA",  38.4300,   48.8600,   -22.0,194308,   830, , ,R,110614
AJMLP037989,                                "ASTARA",  38.4300,   48.8600,   -22.0,194309,  2750, , ,R,110614
AJMLP037989,                                "ASTARA",  38.4300,   48.8600,   -22.0,194311,   430, , ,R,110614
AJMLP037989,                                "ASTARA",  38.4300,   48.8600,   -22.0,194312,   970, , ,R,110614
AJMLP037989,                                "ASTARA",  38.4300,   48.8600,   -22.0,194401,   950, , ,R,110614
AJMLP037989,                                "ASTARA",  38.4300,   48.8600,   -22.0,194402,   150, , ,R,110614
AJMLP037989,                                "ASTARA",  38.4300,   48.8600,   -22.0,194407,   130, , ,R,110614
AJMLP037989,                                "ASTARA",  38.4300,   48.8600,   -22.0,194504,   320, , ,R,110614
AJMLP037989,                                "ASTARA",  38.4300,   48.8600,   -22.0,194505,   540, , ,R,110614
AJMLP037989,                                "ASTARA",  38.4300,   48.8600,   -22.0,194506,   290, , ,R,110614
AJMLP037989,                                "ASTARA",  38.4300,   48.8600,   -22.0,194507,    70, , ,R,110614
AJMLP037989,                                "ASTARA",  38.4300,   48.8600,   -22.0,194509,  1580, , ,R,110614
AJMLP037989,                                "ASTARA",  38.4300,   48.8600,   -22.0,194510,  1470, , ,R,110614
AJMLP037989,                                "ASTARA",  38.4300,   48.8600,   -22.0,194511,  2210, , ,R,110614
AJMLP037989,                                "ASTARA",  38.4300,   48.8600,   -22.0,194608,   590, , ,R,110614
AJMLP037989,                                "ASTARA",  38.4300,   48.8600,   -22.0,194703,   760, , ,R,110614
AJMLP037989,                                "ASTARA",  38.4300,   48.8600,   -22.0,194704,   560, , ,R,110614
AJMLP037989,                                "ASTARA",  38.4300,   48.8600,   -22.0,194705,   430, , ,R,110614
AJMLP037989,                                "ASTARA",  38.4300,   48.8600,   -22.0,194706,   200, , ,R,110614
AJMLP037989,                                "ASTARA",  38.4300,   48.8600,   -22.0,194707,   870, , ,R,110614
AJMLP037989,                                "ASTARA",  38.4300,   48.8600,   -22.0,194709,  1380, , ,R,110614
AJMLP037989,                                "ASTARA",  38.4300,   48.8600,   -22.0,194710,  2590, , ,R,110614
AJMLP037989,                                "ASTARA",  38.4300,   48.8600,   -22.0,194711,  1850, , ,R,110614
AJMLP037989,                                "ASTARA",  38.4300,   48.8600,   -22.0,194712,   320, , ,R,110614
AJMLP037989,                                "ASTARA",  38.4300,   48.8600,   -22.0,194801,   610, , ,R,110614
AJMLP037989,                                "ASTARA",  38.4300,   48.8600,   -22.0,194802,  1570, , ,R,110614
AJMLP037989,                                "ASTARA",  38.4300,   48.8600,   -22.0,194803,   560, , ,R,110614
AJMLP037989,                                "ASTARA",  38.4300,   48.8600,   -22.0,194804,  1240, , ,R,110614
AJMLP037989,                                "ASTARA",  38.4300,   48.8600,   -22.0,194808,  1250, , ,R,110614
AJMLP037989,                                "ASTARA",  38.4300,   48.8600,   -22.0,194809,  3600, , ,R,110614
AJMLP037989,                                "ASTARA",  38.4300,   48.8600,   -22.0,194810,  2320, , ,R,110614
AJMLP037989,                                "ASTARA",  38.4300,   48.8600,   -22.0,194901,   410, , ,R,110614
AJMLP037989,                                "ASTARA",  38.4300,   48.8600,   -22.0,194902,  1350, , ,R,110614
AJMLP037989,                                "ASTARA",  38.4300,   48.8600,   -22.0,194903,  1610, , ,R,110614
AJMLP037989,                                "ASTARA",  38.4300,   48.8600,   -22.0,194904,  1120, , ,R,110614
AJMLP037989,                                "ASTARA",  38.4300,   48.8600,   -22.0,194905,   540, , ,R,110614
AJMLP037989,                                "ASTARA",  38.4300,   48.8600,   -22.0,194906,   230, , ,R,110614
AJMLP037989,                                "ASTARA",  38.4300,   48.8600,   -22.0,194907,    10, , ,R,110614
AJMLP037989,                                "ASTARA",  38.4300,   48.8600,   -22.0,194908,   340, , ,R,110614
AJMLP037989,                                "ASTARA",  38.4300,   48.8600,   -22.0,194909,  2150, , ,R,110614
AJMLP037989,                                "ASTARA",  38.4300,   48.8600,   -22.0,194910,  4090, , ,R,110614
AJMLP037989,                                "ASTARA",  38.4300,   48.8600,   -22.0,194911,  1660, , ,R,110614
AJMLP037989,                                "ASTARA",  38.4300,   48.8600,   -22.0,194912,   540, , ,R,110614
AJMLP037989,                                "ASTARA",  38.4300,   48.8600,   -22.0,195001,   920, , ,R,110614
AJMLP037989,                                "ASTARA",  38.4300,   48.8600,   -22.0,195002,   610, , ,R,110614
AJMLP037989,                                "ASTARA",  38.4300,   48.8600,   -22.0,195003,   890, , ,R,110614
AJMLP037989,                                "ASTARA",  38.4300,   48.8600,   -22.0,195004,   100, , ,R,110614
AJMLP037989,                                "ASTARA",  38.4300,   48.8600,   -22.0,195005,   230, , ,R,110614
AJMLP037989,                                "ASTARA",  38.4300,   48.8600,   -22.0,195006,   510, , ,R,110614
AJMLP037989,                                "ASTARA",  38.4300,   48.8600,   -22.0,195007,   210, , ,R,110614
AJMLP037989,                                "ASTARA",  38.4300,   48.8600,   -22.0,195008,  1530, , ,R,110614
AJMLP037989,                                "ASTARA",  38.4300,   48.8600,   -22.0,195009,  2050, , ,R,110614
AJMLP037989,                                "ASTARA",  38.4300,   48.8600,   -22.0,195010,  2690, , ,R,110614
AJMLP037989,                                "ASTARA",  38.4300,   48.8600,   -22.0,195011,  2870, , ,R,110614
AJMLP037989,                                "ASTARA",  38.4300,   48.8600,   -22.0,195012,   390, , ,R,110614
AJMLP037989,                                "ASTARA",  38.4300,   48.8600,   -22.0,195101,   550, , ,R,110614
AJMLP037989,                                "ASTARA",  38.4300,   48.8600,   -22.0,195102,  1410, , ,R,110614
AJMLP037989,                                "ASTARA",  38.4300,   48.8600,   -22.0,195103,   370, , ,R,110614
AJMLP037989,                                "ASTARA",  38.4300,   48.8600,   -22.0,195104,   140, , ,R,110614
AJMLP037989,                                "ASTARA",  38.4300,   48.8600,   -22.0,195105,   200, , ,R,110614
AJMLP037989,                                "ASTARA",  38.4300,   48.8600,   -22.0,195106,   240, , ,R,110614
AJMLP037989,                                "ASTARA",  38.4300,   48.8600,   -22.0,195107,    20, , ,R,110614
AJMLP037989,                                "ASTARA",  38.4300,   48.8600,   -22.0,195108,  1320, , ,R,110614
AJMLP037989,                                "ASTARA",  38.4300,   48.8600,   -22.0,195109,  4080, , ,R,110614
AJMLP037989,                                "ASTARA",  38.4300,   48.8600,   -22.0,195110,  5330, , ,R,110614
AJMLP037989,                                "ASTARA",  38.4300,   48.8600,   -22.0,195111,  1210, , ,R,110614
AJMLP037989,                                "ASTARA",  38.4300,   48.8600,   -22.0,195202,   590, , ,R,110614
AJMLP037989,                                "ASTARA",  38.4300,   48.8600,   -22.0,195203,  1310, , ,R,110614
AJMLP037989,                                "ASTARA",  38.4300,   48.8600,   -22.0,195204,  1550, , ,R,110614
AJMLP037989,                                "ASTARA",  38.4300,   48.8600,   -22.0,195205,   540, , ,R,110614
AJMLP037989,                                "ASTARA",  38.4300,   48.8600,   -22.0,195206,   200, , ,R,110614
AJMLP037989,                                "ASTARA",  38.4300,   48.8600,   -22.0,195207,   230, , ,R,110614
AJMLP037989,                                "ASTARA",  38.4300,   48.8600,   -22.0,195208,   220, , ,R,110614
AJMLP037989,                                "ASTARA",  38.4300,   48.8600,   -22.0,195209,  2180, , ,R,110614
AJMLP037989,                                "ASTARA",  38.4300,   48.8600,   -22.0,195210,  1190, , ,R,110614
AJMLP037989,                                "ASTARA",  38.4300,   48.8600,   -22.0,195211,   450, , ,R,110614
AJMLP037989,                                "ASTARA",  38.4300,   48.8600,   -22.0,195212,   700, , ,R,110614
AJMLP037989,                                "ASTARA",  38.4300,   48.8600,   -22.0,195301,   740, , ,R,110614
AJMLP037989,                                "ASTARA",  38.4300,   48.8600,   -22.0,195302,   120, , ,R,110614
AJMLP037989,                                "ASTARA",  38.4300,   48.8600,   -22.0,195303,  2120, , ,R,110614
AJMLP037989,                                "ASTARA",  38.4300,   48.8600,   -22.0,195304,   220, , ,R,110614
AJMLP037989,                                "ASTARA",  38.4300,   48.8600,   -22.0,195305,   360, , ,R,110614
AJMLP037989,                                "ASTARA",  38.4300,   48.8600,   -22.0,195306,    50, , ,R,110614
AJMLP037989,                                "ASTARA",  38.4300,   48.8600,   -22.0,195307,   340, , ,R,110614
AJMLP037989,                                "ASTARA",  38.4300,   48.8600,   -22.0,195308,   640, , ,R,110614
AJMLP037989,                                "ASTARA",  38.4300,   48.8600,   -22.0,195309,  2170, , ,R,110614
AJMLP037989,                                "ASTARA",  38.4300,   48.8600,   -22.0,195310,  2100, , ,R,110614
AJMLP037989,                                "ASTARA",  38.4300,   48.8600,   -22.0,195311,  2420, , ,R,110614
AJMLP037989,                                "ASTARA",  38.4300,   48.8600,   -22.0,195312,   270, , ,R,110614
AJMLP037989,                                "ASTARA",  38.4300,   48.8600,   -22.0,195401,    60, , ,R,110614
AJMLP037989,                                "ASTARA",  38.4300,   48.8600,   -22.0,195402,   330, , ,R,110614
AJMLP037989,                                "ASTARA",  38.4300,   48.8600,   -22.0,195403,   440, , ,R,110614
AJMLP037989,                                "ASTARA",  38.4300,   48.8600,   -22.0,195404,  1070, , ,R,110614
AJMLP037989,                                "ASTARA",  38.4300,   48.8600,   -22.0,195405,   200, , ,R,110614
AJMLP037989,                                "ASTARA",  38.4300,   48.8600,   -22.0,195406,   150, , ,R,110614
AJMLP037989,                                "ASTARA",  38.4300,   48.8600,   -22.0,195407,    20, , ,R,110614
AJMLP037989,                                "ASTARA",  38.4300,   48.8600,   -22.0,195408,   470, , ,R,110614
AJMLP037989,                                "ASTARA",  38.4300,   48.8600,   -22.0,195409,  1140, , ,R,110614
AJMLP037989,                                "ASTARA",  38.4300,   48.8600,   -22.0,195410,   510, , ,R,110614
AJMLP037989,                                "ASTARA",  38.4300,   48.8600,   -22.0,195411,  2470, , ,R,110614
AJMLP037989,                                "ASTARA",  38.4300,   48.8600,   -22.0,195502,   270, , ,R,110614
AJMLP037989,                                "ASTARA",  38.4300,   48.8600,   -22.0,195505,   740, , ,R,110614
AJMLP037989,                                "ASTARA",  38.4300,   48.8600,   -22.0,195506,   610, , ,R,110614
AJMLP037989,                                "ASTARA",  38.4300,   48.8600,   -22.0,195507,     0, , ,R,110614
AJMLP037989,                                "ASTARA",  38.4300,   48.8600,   -22.0,195508,   120, , ,R,110614
AJMLP037989,                                "ASTARA",  38.4300,   48.8600,   -22.0,195512,   300, , ,R,110614
AJMLP037989,                                "ASTARA",  38.4300,   48.8600,   -22.0,195601,   250, , ,R,110614
AJMLP037989,                                "ASTARA",  38.4300,   48.8600,   -22.0,195602,   650, , ,R,110614
AJMLP037989,                                "ASTARA",  38.4300,   48.8600,   -22.0,195603,  1310, , ,R,110614
AJMLP037989,                                "ASTARA",  38.4300,   48.8600,   -22.0,195604,   410, , ,R,110614
AJMLP037989,                                "ASTARA",  38.4300,   48.8600,   -22.0,195605,   370, , ,R,110614
AJMLP037989,                                "ASTARA",  38.4300,   48.8600,   -22.0,195606,    10, , ,R,110614
AJMLP037989,                                "ASTARA",  38.4300,   48.8600,   -22.0,195607,   160, , ,R,110614
AJMLP037989,                                "ASTARA",  38.4300,   48.8600,   -22.0,195608,   320, , ,R,110614
AJMLP037989,                                "ASTARA",  38.4300,   48.8600,   -22.0,195609,  1330, , ,R,110614
AJMLP037989,                                "ASTARA",  38.4300,   48.8600,   -22.0,195610,   340, , ,R,110614
AJMLP037989,                                "ASTARA",  38.4300,   48.8600,   -22.0,195611,   250, , ,R,110614
AJMLP037989,                                "ASTARA",  38.4300,   48.8600,   -22.0,195612,   360, , ,R,110614
AJMLP037989,                                "ASTARA",  38.4300,   48.8600,   -22.0,195701,   130, , ,R,110614
AJMLP037989,                                "ASTARA",  38.4300,   48.8600,   -22.0,195702,   130, , ,R,110614
AJMLP037989,                                "ASTARA",  38.4300,   48.8600,   -22.0,195703,   210, , ,R,110614
AJMLP037989,                                "ASTARA",  38.4300,   48.8600,   -22.0,195704,    50, , ,R,110614
AJMLP037989,                                "ASTARA",  38.4300,   48.8600,   -22.0,195705,    80, , ,R,110614
AJMLP037989,                                "ASTARA",  38.4300,   48.8600,   -22.0,195706,  1270, , ,R,110614
AJMLP037989,                                "ASTARA",  38.4300,   48.8600,   -22.0,195707,    80, , ,R,110614
AJMLP037989,                                "ASTARA",  38.4300,   48.8600,   -22.0,195708,   580, , ,R,110614
AJMLP037989,                                "ASTARA",  38.4300,   48.8600,   -22.0,195809,  4460, , ,R,110614
AJMLP037989,                                "ASTARA",  38.4300,   48.8600,   -22.0,195810,  2870, , ,R,110614
AJMLP037989,                                "ASTARA",  38.4300,   48.8600,   -22.0,195811,  1120, , ,R,110614
AJMLP037989,                                "ASTARA",  38.4300,   48.8600,   -22.0,195812,   750, , ,R,110614
AJMLP037989,                                "ASTARA",  38.4300,   48.8600,   -22.0,195901,   550, , ,R,110614
AJMLP037989,                                "ASTARA",  38.4300,   48.8600,   -22.0,195902,  2070, , ,R,110614
AJMLP037989,                                "ASTARA",  38.4300,   48.8600,   -22.0,195903,  1390, , ,R,110614
AJMLP037989,                                "ASTARA",  38.4300,   48.8600,   -22.0,195904,   120, , ,R,110614
AJMLP037989,                                "ASTARA",  38.4300,   48.8600,   -22.0,195905,   190, , ,R,110614
AJMLP037989,                                "ASTARA",  38.4300,   48.8600,   -22.0,195906,   380, , ,R,110614
AJMLP037989,                                "ASTARA",  38.4300,   48.8600,   -22.0,195907,   190, , ,R,110614
AJMLP037989,                                "ASTARA",  38.4300,   48.8600,   -22.0,195908,   340, , ,R,110614
AJMLP037989,                                "ASTARA",  38.4300,   48.8600,   -22.0,195909,  5000, , ,R,110614
AJMLP037989,                                "ASTARA",  38.4300,   48.8600,   -22.0,195910,   960, , ,R,110614
AJMLP037989,                                "ASTARA",  38.4300,   48.8600,   -22.0,195911,   700, , ,R,110614
AJMLP037989,                                "ASTARA",  38.4300,   48.8600,   -22.0,195912,  4110, , ,R,110614
AJMLP037989,                                "ASTARA",  38.4300,   48.8600,   -22.0,196001,  5150, , ,R,110614
AJMLP037989,                                "ASTARA",  38.4300,   48.8600,   -22.0,196002,  2000, , ,R,110614
AJMLP037989,                                "ASTARA",  38.4300,   48.8600,   -22.0,196003,  7270, , ,R,110614
AJMLP037989,                                "ASTARA",  38.4300,   48.8600,   -22.0,196004,  3170, , ,R,110614
AJMLP037989,                                "ASTARA",  38.4300,   48.8600,   -22.0,196005,   280, , ,R,110614
AJMLP037989,                                "ASTARA",  38.4300,   48.8600,   -22.0,196006,   950, , ,R,110614
AJMLP037989,                                "ASTARA",  38.4300,   48.8600,   -22.0,196007,  1980, , ,R,110614
AJMLP037989,                                "ASTARA",  38.4300,   48.8600,   -22.0,196008,  4180, , ,R,110614
AJMLP037989,                                "ASTARA",  38.4300,   48.8600,   -22.0,196009,  1610, , ,R,110614
AJMLP037989,                                "ASTARA",  38.4300,   48.8600,   -22.0,196010,   990, , ,R,110614
AJMLP037989,                                "ASTARA",  38.4300,   48.8600,   -22.0,196011,   680, , ,R,110614
AJMLP037989,                                "ASTARA",  38.4300,   48.8600,   -22.0,196012,   750, , ,R,110614
AJMLP037989,                                "ASTARA",  38.4200,   48.8700,    21.0,196101,   748, , ,R,110612
AJMLP037989,                                "ASTARA",  38.4200,   48.8700,    21.0,196102,  1875, , ,R,110612
AJMLP037989,                                "ASTARA",  38.4200,   48.8700,    21.0,196103,   276, , ,R,110612
AJMLP037989,                                "ASTARA",  38.4200,   48.8700,    21.0,196104,   799, , ,R,110612
AJMLP037989,                                "ASTARA",  38.4200,   48.8700,    21.0,196105,   404, , ,R,110612
AJMLP037989,                                "ASTARA",  38.4200,   48.8700,    21.0,196106,   727, , ,R,110612
AJMLP037989,                                "ASTARA",  38.4200,   48.8700,    21.0,196107,   647, , ,R,110612
AJMLP037989,                                "ASTARA",  38.4200,   48.8700,    21.0,196108,   486, , ,R,110612
AJMLP037989,                                "ASTARA",  38.4200,   48.8700,    21.0,196109,  3236, , ,R,110612
AJMLP037989,                                "ASTARA",  38.4200,   48.8700,    21.0,196110,  2385, , ,R,110612
AJMLP037989,                                "ASTARA",  38.4200,   48.8700,    21.0,196111,  1153, , ,R,110612
AJMLP037989,                                "ASTARA",  38.4200,   48.8700,    21.0,196112,   316, , ,R,110612
AJMLP037989,                                "ASTARA",  38.4200,   48.8700,    21.0,196201,   730, , ,R,110612
AJMLP037989,                                "ASTARA",  38.4200,   48.8700,    21.0,196202,   491, , ,R,110612
AJMLP037989,                                "ASTARA",  38.4200,   48.8700,    21.0,196203,   363, , ,R,110612
AJMLP037989,                                "ASTARA",  38.4200,   48.8700,    21.0,196204,   635, , ,R,110612
AJMLP037989,                                "ASTARA",  38.4200,   48.8700,    21.0,196205,   235, , ,R,110612
AJMLP037989,                                "ASTARA",  38.4200,   48.8700,    21.0,196206,   420, , ,R,110612
AJMLP037989,                                "ASTARA",  38.4200,   48.8700,    21.0,196207,     3, , ,R,110612
AJMLP037989,                                "ASTARA",  38.4200,   48.8700,    21.0,196208,  3785, , ,R,110612
AJMLP037989,                                "ASTARA",  38.4200,   48.8700,    21.0,196209,  1259, , ,R,110612
AJMLP037989,                                "ASTARA",  38.4200,   48.8700,    21.0,196210,  1832, , ,R,110612
AJMLP037989,                                "ASTARA",  38.4200,   48.8700,    21.0,196211,  1754, , ,R,110612
AJMLP037989,                                "ASTARA",  38.4200,   48.8700,    21.0,196212,  1242, , ,R,110612
AJMLP037989,                                "ASTARA",  38.4200,   48.8700,    21.0,196301,  1062, , ,R,110612
AJMLP037989,                                "ASTARA",  38.4200,   48.8700,    21.0,196302,  1309, , ,R,110612
AJMLP037989,                                "ASTARA",  38.4200,   48.8700,    21.0,196303,  1177, , ,R,110612
AJMLP037989,                                "ASTARA",  38.4200,   48.8700,    21.0,196304,    60, , ,R,110612
AJMLP037989,                                "ASTARA",  38.4200,   48.8700,    21.0,196305,  1067, , ,R,110612
AJMLP037989,                                "ASTARA",  38.4200,   48.8700,    21.0,196306,  1762, , ,R,110612
AJMLP037989,                                "ASTARA",  38.4200,   48.8700,    21.0,196307,   533, , ,R,110612
AJMLP037989,                                "ASTARA",  38.4200,   48.8700,    21.0,196308,  1364, , ,R,110612
AJMLP037989,                                "ASTARA",  38.4200,   48.8700,    21.0,196309,   615, , ,R,110612
AJMLP037989,                                "ASTARA",  38.4200,   48.8700,    21.0,196310,  2502, , ,R,110612
AJMLP037989,                                "ASTARA",  38.4200,   48.8700,    21.0,196311,  2537, , ,R,110612
AJMLP037989,                                "ASTARA",  38.4200,   48.8700,    21.0,196312,  1858, , ,R,110612
AJMLP037989,                                "ASTARA",  38.4200,   48.8700,    21.0,196401,   861, , ,R,110612
AJMLP037989,                                "ASTARA",  38.4200,   48.8700,    21.0,196402,   911, , ,R,110612
AJMLP037989,                                "ASTARA",  38.4200,   48.8700,    21.0,196403,  1208, , ,R,110612
AJMLP037989,                                "ASTARA",  38.4200,   48.8700,    21.0,196404,  1278, , ,R,110612
AJMLP037989,                                "ASTARA",  38.4200,   48.8700,    21.0,196405,   248, , ,R,110612
AJMLP037989,                                "ASTARA",  38.4200,   48.8700,    21.0,196406,   545, , ,R,110612
AJMLP037989,                                "ASTARA",  38.4200,   48.8700,    21.0,196407,   424, , ,R,110612
AJMLP037989,                                "ASTARA",  38.4200,   48.8700,    21.0,196408,  1840, , ,R,110612
AJMLP037989,                                "ASTARA",  38.4200,   48.8700,    21.0,196409,  1498, , ,R,110612
AJMLP037989,                                "ASTARA",  38.4200,   48.8700,    21.0,196410,   976, , ,R,110612
AJMLP037989,                                "ASTARA",  38.4200,   48.8700,    21.0,196411,   810, , ,R,110612
AJMLP037989,                                "ASTARA",  38.4200,   48.8700,    21.0,196412,   784, , ,R,110612
AJMLP037989,                                "ASTARA",  38.4200,   48.8700,    21.0,196501,  1452, , ,R,110612
AJMLP037989,                                "ASTARA",  38.4200,   48.8700,    21.0,196502,   346, , ,R,110612
AJMLP037989,                                "ASTARA",  38.4200,   48.8700,    21.0,196503,   633, , ,R,110612
AJMLP037989,                                "ASTARA",  38.4200,   48.8700,    21.0,196504,   496, , ,R,110612
AJMLP037989,                                "ASTARA",  38.4200,   48.8700,    21.0,196505,   415, , ,R,110612
AJMLP037989,                                "ASTARA",  38.4200,   48.8700,    21.0,196506,   115, , ,R,110612
AJMLP037989,                                "ASTARA",  38.4200,   48.8700,    21.0,196507,  1575, , ,R,110612
AJMLP037989,                                "ASTARA",  38.4200,   48.8700,    21.0,196508,   525, , ,R,110612
AJMLP037989,                                "ASTARA",  38.4200,   48.8700,    21.0,196509,  2453, , ,R,110612
AJMLP037989,                                "ASTARA",  38.4200,   48.8700,    21.0,196510,  2635, , ,R,110612
AJMLP037989,                                "ASTARA",  38.4200,   48.8700,    21.0,196511,   438, , ,R,110612
AJMLP037989,                                "ASTARA",  38.4200,   48.8700,    21.0,196512,   162, , ,R,110612
AJMLP037989,                                "ASTARA",  38.4200,   48.8700,    21.0,196601,   375, , ,R,110612
AJMLP037989,                                "ASTARA",  38.4200,   48.8700,    21.0,196602,   580, , ,R,110612
AJMLP037989,                                "ASTARA",  38.4200,   48.8700,    21.0,196603,  1016, , ,R,110612
AJMLP037989,                                "ASTARA",  38.4200,   48.8700,    21.0,196604,   527, , ,R,110612
AJMLP037989,                                "ASTARA",  38.4200,   48.8700,    21.0,196605,   351, , ,R,110612
AJMLP037989,                                "ASTARA",  38.4200,   48.8700,    21.0,196606,   436, , ,R,110612
AJMLP037989,                                "ASTARA",  38.4200,   48.8700,    21.0,196607,     3, , ,R,110612
AJMLP037989,                                "ASTARA",  38.4200,   48.8700,    21.0,196608,  1129, , ,R,110612
AJMLP037989,                                "ASTARA",  38.4200,   48.8700,    21.0,196609,  2850, , ,R,110612
AJMLP037989,                                "ASTARA",  38.4200,   48.8700,    21.0,196610,  3424, , ,R,110612
AJMLP037989,                                "ASTARA",  38.4200,   48.8700,    21.0,196611,  1072, , ,R,110612
AJMLP037989,                                "ASTARA",  38.4200,   48.8700,    21.0,196612,   527, , ,R,110612
AJMLP037989,                                "ASTARA",  38.4200,   48.8700,    21.0,196701,   350, , ,R,110612
AJMLP037989,                                "ASTARA",  38.4200,   48.8700,    21.0,196702,  1296, , ,R,110612
AJMLP037989,                                "ASTARA",  38.4200,   48.8700,    21.0,196703,  1087, , ,R,110612
AJMLP037989,                                "ASTARA",  38.4200,   48.8700,    21.0,196704,   340, , ,R,110612
AJMLP037989,                                "ASTARA",  38.4200,   48.8700,    21.0,196705,   386, , ,R,110612
AJMLP037989,                                "ASTARA",  38.4200,   48.8700,    21.0,196706,   388, , ,R,110612
AJMLP037989,                                "ASTARA",  38.4200,   48.8700,    21.0,196707,    31, , ,R,110612
AJMLP037989,                                "ASTARA",  38.4200,   48.8700,    21.0,196708,   307, , ,R,110612
AJMLP037989,                                "ASTARA",  38.4200,   48.8700,    21.0,196709,  2494, , ,R,110612
AJMLP037989,                                "ASTARA",  38.4200,   48.8700,    21.0,196710,  2439, , ,R,110612
AJMLP037989,                                "ASTARA",  38.4200,   48.8700,    21.0,196711,   970, , ,R,110612
AJMLP037989,                                "ASTARA",  38.4200,   48.8700,    21.0,196712,   527, , ,R,110612
AJMLP037989,                                "ASTARA",  38.4200,   48.8700,    21.0,196801,   493, , ,R,110612
AJMLP037989,                                "ASTARA",  38.4200,   48.8700,    21.0,196802,   692, , ,R,110612
AJMLP037989,                                "ASTARA",  38.4200,   48.8700,    21.0,196803,  1108, , ,R,110612
AJMLP037989,                                "ASTARA",  38.4200,   48.8700,    21.0,196804,   985, , ,R,110612
AJMLP037989,                                "ASTARA",  38.4200,   48.8700,    21.0,196805,   398, , ,R,110612
AJMLP037989,                                "ASTARA",  38.4200,   48.8700,    21.0,196806,   791, , ,R,110612
AJMLP037989,                                "ASTARA",  38.4200,   48.8700,    21.0,196807,   507, , ,R,110612
AJMLP037989,                                "ASTARA",  38.4200,   48.8700,    21.0,196808,   204, , ,R,110612
AJMLP037989,                                "ASTARA",  38.4200,   48.8700,    21.0,196809,   898, , ,R,110612
AJMLP037989,                                "ASTARA",  38.4200,   48.8700,    21.0,196810,  3181, , ,R,110612
AJMLP037989,                                "ASTARA",  38.4200,   48.8700,    21.0,196811,  1130, , ,R,110612
AJMLP037989,                                "ASTARA",  38.4200,   48.8700,    21.0,196812,   715, , ,R,110612
AJMLP037989,                                "ASTARA",  38.4200,   48.8700,    21.0,196901,  1550, , ,R,110612
AJMLP037989,                                "ASTARA",  38.4200,   48.8700,    21.0,196902,   977, , ,R,110612
AJMLP037989,                                "ASTARA",  38.4200,   48.8700,    21.0,196903,   800, , ,R,110612
AJMLP037989,                                "ASTARA",  38.4200,   48.8700,    21.0,196904,   778, , ,R,110612
AJMLP037989,                                "ASTARA",  38.4200,   48.8700,    21.0,196905,   530, , ,R,110612
AJMLP037989,                                "ASTARA",  38.4200,   48.8700,    21.0,196906,   790, , ,R,110612
AJMLP037989,                                "ASTARA",  38.4200,   48.8700,    21.0,196907,   271, , ,R,110612
AJMLP037989,                                "ASTARA",  38.4200,   48.8700,    21.0,196908,   298, , ,R,110612
AJMLP037989,                                "ASTARA",  38.4200,   48.8700,    21.0,196909,  2352, , ,R,110612
AJMLP037989,                                "ASTARA",  38.4200,   48.8700,    21.0,196910,  3989, , ,R,110612
AJMLP037989,                                "ASTARA",  38.4200,   48.8700,    21.0,196911,   846, , ,R,110612
AJMLP037989,                                "ASTARA",  38.4200,   48.8700,    21.0,196912,   603, , ,R,110612
AJMLP037989,                                "ASTARA",  38.4200,   48.8700,    21.0,197001,  1271, , ,R,110612
AJMLP037989,                                "ASTARA",  38.4200,   48.8700,    21.0,197002,   160, , ,R,110612
AJMLP037989,                                "ASTARA",  38.4200,   48.8700,    21.0,197003,   754, , ,R,110612
AJMLP037989,                                "ASTARA",  38.4200,   48.8700,    21.0,197004,   332, , ,R,110612
AJMLP037989,                                "ASTARA",  38.4200,   48.8700,    21.0,197005,    65, , ,R,110612
AJMLP037989,                                "ASTARA",  38.4200,   48.8700,    21.0,197006,   300, , ,R,110612
AJMLP037989,                                "ASTARA",  38.4200,   48.8700,    21.0,197007,   155, , ,R,110612
AJMLP037989,                                "ASTARA",  38.4200,   48.8700,    21.0,197008,   960, , ,R,110612
AJMLP037989,                                "ASTARA",  38.4200,   48.8700,    21.0,197009,  3150, , ,R,110612
AJMLP037989,                                "ASTARA",  38.4200,   48.8700,    21.0,197010,   747, , ,R,110612
AJMLP037989,                                "ASTARA",  38.4200,   48.8700,    21.0,197011,  1578, , ,R,110612
AJMLP037989,                                "ASTARA",  38.4200,   48.8700,    21.0,197012,  1705, , ,R,110612
AJMLP037989,                                "ASTARA",  38.4200,   48.8700,    21.0,197101,  1795, , ,R,110612
AJMLP037989,                                "ASTARA",  38.4200,   48.8700,    21.0,197102,   195, , ,R,110612
AJMLP037989,                                "ASTARA",  38.4200,   48.8700,    21.0,197103,   732, , ,R,110612
AJMLP037989,                                "ASTARA",  38.4200,   48.8700,    21.0,197104,   896, , ,R,110612
AJMLP037989,                                "ASTARA",  38.4200,   48.8700,    21.0,197105,   226, , ,R,110612
AJMLP037989,                                "ASTARA",  38.4200,   48.8700,    21.0,197106,    20, , ,R,110612
AJMLP037989,                                "ASTARA",  38.4200,   48.8700,    21.0,197107,     0, , ,R,110612
AJMLP037989,                                "ASTARA",  38.4200,   48.8700,    21.0,197108,   477, , ,R,110612
AJMLP037989,                                "ASTARA",  38.4200,   48.8700,    21.0,197109,   690, , ,R,110612
AJMLP037989,                                "ASTARA",  38.4200,   48.8700,    21.0,197110,  1663, , ,R,110612
AJMLP037989,                                "ASTARA",  38.4200,   48.8700,    21.0,197111,   602, , ,R,110612
AJMLP037989,                                "ASTARA",  38.4200,   48.8700,    21.0,197112,   442, , ,R,110612
AJMLP037989,                                "ASTARA",  38.4200,   48.8700,    21.0,197201,  1317, , ,R,110612
AJMLP037989,                                "ASTARA",  38.4200,   48.8700,    21.0,197202,   835, , ,R,110612
AJMLP037989,                                "ASTARA",  38.4200,   48.8700,    21.0,197203,  2552, , ,R,110612
AJMLP037989,                                "ASTARA",  38.4200,   48.8700,    21.0,197204,   432, , ,R,110612
AJMLP037989,                                "ASTARA",  38.4200,   48.8700,    21.0,197205,   882, , ,R,110612
AJMLP037989,                                "ASTARA",  38.4200,   48.8700,    21.0,197206,   865, , ,R,110612
AJMLP037989,                                "ASTARA",  38.4200,   48.8700,    21.0,197207,     4, , ,R,110612
AJMLP037989,                                "ASTARA",  38.4200,   48.8700,    21.0,197208,   670, , ,R,110612
AJMLP037989,                                "ASTARA",  38.4200,   48.8700,    21.0,197209,  2135, , ,R,110612
AJMLP037989,                                "ASTARA",  38.4200,   48.8700,    21.0,197210,  1463, , ,R,110612
AJMLP037989,                                "ASTARA",  38.4200,   48.8700,    21.0,197211,   843, , ,R,110612
AJMLP037989,                                "ASTARA",  38.4200,   48.8700,    21.0,197212,   757, , ,R,110612
AJMLP037989,                                "ASTARA",  38.4200,   48.8700,    21.0,197301,   896, , ,R,110612
AJMLP037989,                                "ASTARA",  38.4200,   48.8700,    21.0,197302,   318, , ,R,110612
AJMLP037989,                                "ASTARA",  38.4200,   48.8700,    21.0,197303,   989, , ,R,110612
AJMLP037989,                                "ASTARA",  38.4200,   48.8700,    21.0,197304,   300, , ,R,110612
AJMLP037989,                                "ASTARA",  38.4200,   48.8700,    21.0,197305,   832, , ,R,110612
AJMLP037989,                                "ASTARA",  38.4200,   48.8700,    21.0,197306,    28, , ,R,110612
AJMLP037989,                                "ASTARA",  38.4200,   48.8700,    21.0,197307,    71, , ,R,110612
AJMLP037989,                                "ASTARA",  38.4200,   48.8700,    21.0,197308,  1250, , ,R,110612
AJMLP037989,                                "ASTARA",  38.4200,   48.8700,    21.0,197309,  3118, , ,R,110612
AJMLP037989,                                "ASTARA",  38.4200,   48.8700,    21.0,197310,  1414, , ,R,110612
AJMLP037989,                                "ASTARA",  38.4200,   48.8700,    21.0,197311,   655, , ,R,110612
AJMLP037989,                                "ASTARA",  38.4200,   48.8700,    21.0,197312,   960, , ,R,110612
AJMLP037989,                                "ASTARA",  38.4200,   48.8700,    21.0,197401,  1475, , ,R,110612
AJMLP037989,                                "ASTARA",  38.4200,   48.8700,    21.0,197402,   700, , ,R,110612
AJMLP037989,                                "ASTARA",  38.4200,   48.8700,    21.0,197403,  1097, , ,R,110612
AJMLP037989,                                "ASTARA",  38.4200,   48.8700,    21.0,197404,   964, , ,R,110612
AJMLP037989,                                "ASTARA",  38.4200,   48.8700,    21.0,197405,   195, , ,R,110612
AJMLP037989,                                "ASTARA",  38.4200,   48.8700,    21.0,197406,    93, , ,R,110612
AJMLP037989,                                "ASTARA",  38.4200,   48.8700,    21.0,197407,  2000, , ,R,110612
AJMLP037989,                                "ASTARA",  38.4200,   48.8700,    21.0,197408,   995, , ,R,110612
AJMLP037989,                                "ASTARA",  38.4200,   48.8700,    21.0,197409,  1042, , ,R,110612
AJMLP037989,                                "ASTARA",  38.4200,   48.8700,    21.0,197410,    25, , ,R,110612
AJMLP037989,                                "ASTARA",  38.4200,   48.8700,    21.0,197411,  1890, , ,R,110612
AJMLP037989,                                "ASTARA",  38.4200,   48.8700,    21.0,197412,   899, , ,R,110612
AJMLP037989,                                "ASTARA",  38.4200,   48.8700,    21.0,197501,   710, , ,R,110612
AJMLP037989,                                "ASTARA",  38.4200,   48.8700,    21.0,197502,   778, , ,R,110612
AJMLP037989,                                "ASTARA",  38.4200,   48.8700,    21.0,197503,   575, ,D,R,110612
AJMLP037989,                                "ASTARA",  38.4200,   48.8700,    21.0,197504,   259, ,D,R,110612
AJMLP037989,                                "ASTARA",  38.4200,   48.8700,    21.0,197505,   560, ,D,R,110612
AJMLP037989,                                "ASTARA",  38.4200,   48.8700,    21.0,197506,   903, ,D,R,110612
AJMLP037989,                                "ASTARA",  38.4200,   48.8700,    21.0,197507,     0, ,D,R,110612
AJMLP037989,                                "ASTARA",  38.4200,   48.8700,    21.0,197508,   283, ,D,R,110612
AJMLP037989,                                "ASTARA",  38.4200,   48.8700,    21.0,197509,   651, , ,R,110612
AJMLP037989,                                "ASTARA",  38.4200,   48.8700,    21.0,197510,  2865, , ,R,110612
AJMLP037989,                                "ASTARA",  38.4200,   48.8700,    21.0,197511,  3304, , ,R,110612
AJMLP037989,                                "ASTARA",  38.4200,   48.8700,    21.0,197512,  1270, , ,R,110612
AJMLP037989,                                "ASTARA",  38.4200,   48.8700,    21.0,197601,   360, , ,R,110612
AJMLP037989,                                "ASTARA",  38.4200,   48.8700,    21.0,197602,   135, , ,R,110612
AJMLP037989,                                "ASTARA",  38.4200,   48.8700,    21.0,197603,  1145, , ,R,110612
AJMLP037989,                                "ASTARA",  38.4200,   48.8700,    21.0,197604,   325, , ,R,110612
AJMLP037989,                                "ASTARA",  38.4200,   48.8700,    21.0,197605,   382, , ,R,110612
AJMLP037989,                                "ASTARA",  38.4200,   48.8700,    21.0,197606,   140, , ,R,110612
AJMLP037989,                                "ASTARA",  38.4200,   48.8700,    21.0,197607,  1340, , ,R,110612
AJMLP037989,                                "ASTARA",  38.4200,   48.8700,    21.0,197608,   436, , ,R,110612
AJMLP037989,                                "ASTARA",  38.4200,   48.8700,    21.0,197609,  3435, , ,R,110612
AJMLP037989,                                "ASTARA",  38.4200,   48.8700,    21.0,197610,  2950, , ,R,110612
AJMLP037989,                                "ASTARA",  38.4200,   48.8700,    21.0,197611,  1260, , ,R,110612
AJMLP037989,                                "ASTARA",  38.4200,   48.8700,    21.0,197612,  1245, , ,R,110612
AJMLP037989,                                "ASTARA",  38.4200,   48.8700,    21.0,197701,  1368, , ,R,110612
AJMLP037989,                                "ASTARA",  38.4200,   48.8700,    21.0,197702,   166, , ,R,110612
AJMLP037989,                                "ASTARA",  38.4200,   48.8700,    21.0,197703,   575, , ,R,110612
AJMLP037989,                                "ASTARA",  38.4200,   48.8700,    21.0,197704,   405, , ,R,110612
AJMLP037989,                                "ASTARA",  38.4200,   48.8700,    21.0,197705,   360, , ,R,110612
AJMLP037989,                                "ASTARA",  38.4200,   48.8700,    21.0,197706,   230, , ,R,110612
AJMLP037989,                                "ASTARA",  38.4200,   48.8700,    21.0,197707,   250, , ,R,110612
AJMLP037989,                                "ASTARA",  38.4200,   48.8700,    21.0,197708,   685, , ,R,110612
AJMLP037989,                                "ASTARA",  38.4200,   48.8700,    21.0,197709,  3020, , ,R,110612
AJMLP037989,                                "ASTARA",  38.4200,   48.8700,    21.0,197710,  3150, , ,R,110612
AJMLP037989,                                "ASTARA",  38.4200,   48.8700,    21.0,197711,   920, , ,R,110612
AJMLP037989,                                "ASTARA",  38.4200,   48.8700,    21.0,197712,  1275, , ,R,110612
AJMLP037989,                                "ASTARA",  38.4200,   48.8700,    21.0,197801,  1240, , ,R,110612
AJMLP037989,                                "ASTARA",  38.4200,   48.8700,    21.0,197802,  1383, , ,R,110612
AJMLP037989,                                "ASTARA",  38.4200,   48.8700,    21.0,197803,   615, , ,R,110612
AJMLP037989,                                "ASTARA",  38.4200,   48.8700,    21.0,197804,   745, , ,R,110612
AJMLP037989,                                "ASTARA",  38.4200,   48.8700,    21.0,197805,   325, , ,R,110612
AJMLP037989,                                "ASTARA",  38.4200,   48.8700,    21.0,197806,   355, , ,R,110612
AJMLP037989,                                "ASTARA",  38.4200,   48.8700,    21.0,197807,    80, , ,R,110612
AJMLP037989,                                "ASTARA",  38.4200,   48.8700,    21.0,197808,   210, , ,R,110612
AJMLP037989,                                "ASTARA",  38.4200,   48.8700,    21.0,197809,   610, , ,R,110612
AJMLP037989,                                "ASTARA",  38.4200,   48.8700,    21.0,197810,   335, , ,R,110612
AJMLP037989,                                "ASTARA",  38.4200,   48.8700,    21.0,197811,  1730, , ,R,110612
AJMLP037989,                                "ASTARA",  38.4200,   48.8700,    21.0,197812,   830, , ,R,110612
AJMLP037989,                                "ASTARA",  38.4200,   48.8700,    21.0,197901,  1340, , ,R,110612
AJMLP037989,                                "ASTARA",  38.4200,   48.8700,    21.0,197902,  1494, , ,R,110612
AJMLP037989,                                "ASTARA",  38.4200,   48.8700,    21.0,197903,   586, , ,R,110612
AJMLP037989,                                "ASTARA",  38.4200,   48.8700,    21.0,197904,   805, , ,R,110612
AJMLP037989,                                "ASTARA",  38.4200,   48.8700,    21.0,197905,   351, , ,R,110612
AJMLP037989,                                "ASTARA",  38.4200,   48.8700,    21.0,197906,   400, , ,R,110612
AJMLP037989,                                "ASTARA",  38.4200,   48.8700,    21.0,197907,   156, , ,R,110612
AJMLP037989,                                "ASTARA",  38.4200,   48.8700,    21.0,197908,   221, , ,R,110612
AJMLP037989,                                "ASTARA",  38.4200,   48.8700,    21.0,197909,   659, , ,R,110612
AJMLP037989,                                "ASTARA",  38.4200,   48.8700,    21.0,197910,   362, , ,R,110612
AJMLP037989,                                "ASTARA",  38.4200,   48.8700,    21.0,197911,  1870, , ,R,110612
AJMLP037989,                                "ASTARA",  38.4200,   48.8700,    21.0,197912,   897, , ,R,110612
AJMLP037989,                                "ASTARA",  38.4200,   48.8700,    21.0,198001,  1815, , ,R,110612
AJMLP037989,                                "ASTARA",  38.4200,   48.8700,    21.0,198002,  1800, , ,R,110612
AJMLP037989,                                "ASTARA",  38.4200,   48.8700,    21.0,198003,  1600, , ,R,110612
AJMLP037989,                                "ASTARA",  38.4200,   48.8700,    21.0,198004,   940, , ,R,110612
AJMLP037989,                                "ASTARA",  38.4200,   48.8700,    21.0,198005,  1585, , ,R,110612
AJMLP037989,                                "ASTARA",  38.4200,   48.8700,    21.0,198006,   920, , ,R,110612
AJMLP037989,                                "ASTARA",  38.4200,   48.8700,    21.0,198007,    70, , ,R,110612
AJMLP037989,                                "ASTARA",  38.4200,   48.8700,    21.0,198008,  1195, , ,R,110612
AJMLP037989,                                "ASTARA",  38.4200,   48.8700,    21.0,198009,  2150, , ,R,110612
AJMLP037989,                                "ASTARA",  38.4200,   48.8700,    21.0,198010,  1715, , ,R,110612
AJMLP037989,                                "ASTARA",  38.4200,   48.8700,    21.0,198011,   820, , ,R,110612
AJMLP037989,                                "ASTARA",  38.4200,   48.8700,    21.0,198012,  1120, , ,R,110612
AJMLP037989,                                "ASTARA",  38.4200,   48.8700,    21.0,198101,   480, , ,R,110612
AJMLP037989,                                "ASTARA",  38.4200,   48.8700,    21.0,198102,   780, , ,R,110612
AJMLP037989,                                "ASTARA",  38.4200,   48.8700,    21.0,198103,   735, , ,R,110612
AJMLP037989,                                "ASTARA",  38.4200,   48.8700,    21.0,198104,  1590, , ,R,110612
AJMLP037989,                                "ASTARA",  38.4200,   48.8700,    21.0,198105,   795, , ,R,110612
AJMLP037989,                                "ASTARA",  38.4200,   48.8700,    21.0,198106,   240, , ,R,110612
AJMLP037989,                                "ASTARA",  38.4200,   48.8700,    21.0,198107,   165, , ,R,110612
AJMLP037989,                                "ASTARA",  38.4200,   48.8700,    21.0,198108,   765, , ,R,110612
AJMLP037989,                                "ASTARA",  38.4200,   48.8700,    21.0,198109,  1805, , ,R,110612
AJMLP037989,                                "ASTARA",  38.4200,   48.8700,    21.0,198110,  1590, , ,R,110612
AJMLP037989,                                "ASTARA",  38.4200,   48.8700,    21.0,198111,   730, , ,R,110612
AJMLP037989,                                "ASTARA",  38.4200,   48.8700,    21.0,198112,   910, , ,R,110612
AJMLP037989,                                "ASTARA",  38.4200,   48.8700,    21.0,198201,   982, , ,R,110612
AJMLP037989,                                "ASTARA",  38.4200,   48.8700,    21.0,198202,   985, , ,R,110612
AJMLP037989,                                "ASTARA",  38.4200,   48.8700,    21.0,198203,  2810, , ,R,110612
AJMLP037989,                                "ASTARA",  38.4200,   48.8700,    21.0,198204,   900, , ,R,110612
AJMLP037989,                                "ASTARA",  38.4200,   48.8700,    21.0,198205,   860, , ,R,110612
AJMLP037989,                                "ASTARA",  38.4200,   48.8700,    21.0,198206,   385, , ,R,110612
AJMLP037989,                                "ASTARA",  38.4200,   48.8700,    21.0,198207,    60, , ,R,110612
AJMLP037989,                                "ASTARA",  38.4200,   48.8700,    21.0,198208,   435, , ,R,110612
AJMLP037989,                                "ASTARA",  38.4200,   48.8700,    21.0,198209,   180, , ,R,110612
AJMLP037989,                                "ASTARA",  38.4200,   48.8700,    21.0,198210,  4700, , ,R,110612
AJMLP037989,                                "ASTARA",  38.4200,   48.8700,    21.0,198211,  3410, , ,R,110612
AJMLP037989,                                "ASTARA",  38.4200,   48.8700,    21.0,198212,   190, , ,R,110612
AJMLP037989,                                "ASTARA",  38.4200,   48.8700,    21.0,198301,   570, , ,R,110612
AJMLP037989,                                "ASTARA",  38.4200,   48.8700,    21.0,198302,    50, , ,R,110612
AJMLP037989,                                "ASTARA",  38.4200,   48.8700,    21.0,198303,  1110, , ,R,110612
AJMLP037989,                                "ASTARA",  38.4200,   48.8700,    21.0,198304,   610, , ,R,110612
AJMLP037989,                                "ASTARA",  38.4200,   48.8700,    21.0,198305,   370, , ,R,110612
AJMLP037989,                                "ASTARA",  38.4200,   48.8700,    21.0,198306,   665, , ,R,110612
AJMLP037989,                                "ASTARA",  38.4200,   48.8700,    21.0,198307,   270, , ,R,110612
AJMLP037989,                                "ASTARA",  38.4200,   48.8700,    21.0,198308,   950, , ,R,110612
AJMLP037989,                                "ASTARA",  38.4200,   48.8700,    21.0,198309,  1855, , ,R,110612
AJMLP037989,                                "ASTARA",  38.4200,   48.8700,    21.0,198310,  2020, , ,R,110612
AJMLP037989,                                "ASTARA",  38.4200,   48.8700,    21.0,198311,  1065, , ,R,110612
AJMLP037989,                                "ASTARA",  38.4200,   48.8700,    21.0,198312,   600, , ,R,110612
AJMLP037989,                                "ASTARA",  38.4200,   48.8700,    21.0,198401,   500, , ,R,110612
AJMLP037989,                                "ASTARA",  38.4200,   48.8700,    21.0,198402,  1420, , ,R,110612
AJMLP037989,                                "ASTARA",  38.4200,   48.8700,    21.0,198403,  1250, , ,R,110612
AJMLP037989,                                "ASTARA",  38.4200,   48.8700,    21.0,198404,   335, , ,R,110612
AJMLP037989,                                "ASTARA",  38.4200,   48.8700,    21.0,198405,   895, , ,R,110612
AJMLP037989,                                "ASTARA",  38.4200,   48.8700,    21.0,198406,    70, , ,R,110612
AJMLP037989,                                "ASTARA",  38.4200,   48.8700,    21.0,198407,   145, , ,R,110612
AJMLP037989,                                "ASTARA",  38.4200,   48.8700,    21.0,198408,   485, , ,R,110612
AJMLP037989,                                "ASTARA",  38.4200,   48.8700,    21.0,198409,   485, , ,R,110612
AJMLP037989,                                "ASTARA",  38.4200,   48.8700,    21.0,198410,  3285, , ,R,110612
AJMLP037989,                                "ASTARA",  38.4200,   48.8700,    21.0,198411,  1245, , ,R,110612
AJMLP037989,                                "ASTARA",  38.4200,   48.8700,    21.0,198412,   920, , ,R,110612
AJMLP037989,                                "ASTARA",  38.4200,   48.8700,    21.0,198501,   710, , ,R,110612
AJMLP037989,                                "ASTARA",  38.4200,   48.8700,    21.0,198502,   788, , ,R,110612
AJMLP037989,                                "ASTARA",  38.4200,   48.8700,    21.0,198503,   575, ,D,R,110612
AJMLP037989,                                "ASTARA",  38.4200,   48.8700,    21.0,198504,   259, ,D,R,110612
AJMLP037989,                                "ASTARA",  38.4200,   48.8700,    21.0,198505,   560, ,D,R,110612
AJMLP037989,                                "ASTARA",  38.4200,   48.8700,    21.0,198506,   903, ,D,R,110612
AJMLP037989,                                "ASTARA",  38.4200,   48.8700,    21.0,198507,     0, ,D,R,110612
AJMLP037989,                                "ASTARA",  38.4200,   48.8700,    21.0,198508,   283, ,D,R,110612
AJMLP037989,                                "ASTARA",  38.4200,   48.8700,    21.0,198509,   951, , ,R,110612
AJMLP037989,                                "ASTARA",  38.4200,   48.8700,    21.0,198510,  2865, , ,R,110612
AJMLP037989,                                "ASTARA",  38.4200,   48.8700,    21.0,198511,  3304, , ,R,110612
AJMLP037989,                                "ASTARA",  38.4200,   48.8700,    21.0,198512,  1270, , ,R,110612
AJMLP037989,                                "ASTARA",  38.4200,   48.8700,    21.0,198601,  1090, , ,R,110612
AJMLP037989,                                "ASTARA",  38.4200,   48.8700,    21.0,198602,   817, , ,R,110612
AJMLP037989,                                "ASTARA",  38.4200,   48.8700,    21.0,198603,  1312, , ,R,110612
AJMLP037989,                                "ASTARA",  38.4200,   48.8700,    21.0,198604,   288, , ,R,110612
AJMLP037989,                                "ASTARA",  38.4200,   48.8700,    21.0,198605,   370, , ,R,110612
AJMLP037989,                                "ASTARA",  38.4200,   48.8700,    21.0,198606,   392, , ,R,110612
AJMLP037989,                                "ASTARA",  38.4200,   48.8700,    21.0,198607,   303, , ,R,110612
AJMLP037989,                                "ASTARA",  38.4200,   48.8700,    21.0,198608,   102, , ,R,110612
AJMLP037989,                                "ASTARA",  38.4200,   48.8700,    21.0,198609,  3081, , ,R,110612
AJMLP037989,                                "ASTARA",  38.4200,   48.8700,    21.0,198610,  2311, , ,R,110612
AJMLP037989,                                "ASTARA",  38.4200,   48.8700,    21.0,198611,  2198, , ,R,110612
AJMLP037989,                                "ASTARA",  38.4200,   48.8700,    21.0,198612,  1050, , ,R,110612
AJMLP037989,                                "ASTARA",  38.4200,   48.8700,    21.0,198701,   791, , ,R,110612
AJMLP037989,                                "ASTARA",  38.4200,   48.8700,    21.0,198702,   828, , ,R,110612
AJMLP037989,                                "ASTARA",  38.4200,   48.8700,    21.0,198703,   895, , ,R,110612
AJMLP037989,                                "ASTARA",  38.4200,   48.8700,    21.0,198704,   640, , ,R,110612
AJMLP037989,                                "ASTARA",  38.4200,   48.8700,    21.0,198705,   190, , ,R,110612
AJMLP037989,                                "ASTARA",  38.4200,   48.8700,    21.0,198706,    61, , ,R,110612
AJMLP037989,                                "ASTARA",  38.4200,   48.8700,    21.0,198707,   848, , ,R,110612
AJMLP037989,                                "ASTARA",  38.4200,   48.8700,    21.0,198708,  1379, , ,R,110612
AJMLP037989,                                "ASTARA",  38.4200,   48.8700,    21.0,198709,  2869, , ,R,110612
AJMLP037989,                                "ASTARA",  38.4200,   48.8700,    21.0,198710,  2966, , ,R,110612
AJMLP037989,                                "ASTARA",  38.4200,   48.8700,    21.0,198711,   369, , ,R,110612
AJMLP037989,                                "ASTARA",  38.4200,   48.8700,    21.0,198712,  1166, , ,R,110612
AJMLP037989,                                "ASTARA",  38.4200,   48.8700,    21.0,198801,   948, , ,R,110612
AJMLP037989,                                "ASTARA",  38.4200,   48.8700,    21.0,198802,   612, , ,R,110612
AJMLP037989,                                "ASTARA",  38.4200,   48.8700,    21.0,198803,   757, , ,R,110612
AJMLP037989,                                "ASTARA",  38.4200,   48.8700,    21.0,198804,   864, , ,R,110612
AJMLP037989,                                "ASTARA",  38.4200,   48.8700,    21.0,198805,   920, , ,R,110612
AJMLP037989,                                "ASTARA",  38.4200,   48.8700,    21.0,198806,   618, , ,R,110612
AJMLP037989,                                "ASTARA",  38.4200,   48.8700,    21.0,198807,   234, , ,R,110612
AJMLP037989,                                "ASTARA",  38.4200,   48.8700,    21.0,198808,  1452, , ,R,110612
AJMLP037989,                                "ASTARA",  38.4200,   48.8700,    21.0,198809,  2314, , ,R,110612
AJMLP037989,                                "ASTARA",  38.4200,   48.8700,    21.0,198810,  1354, , ,R,110612
AJMLP037989,                                "ASTARA",  38.4200,   48.8700,    21.0,198811,  1275, , ,R,110612
AJMLP037989,                                "ASTARA",  38.4200,   48.8700,    21.0,198812,   793, , ,R,110612
AJMLP037989,                                "ASTARA",  38.4200,   48.8700,    21.0,198901,  1077, , ,R,110612
AJMLP037989,                                "ASTARA",  38.4200,   48.8700,    21.0,198902,  1577, , ,R,110612
AJMLP037989,                                "ASTARA",  38.4200,   48.8700,    21.0,198903,   362, , ,R,110612
AJMLP037989,                                "ASTARA",  38.4200,   48.8700,    21.0,198904,    73, , ,R,110612
AJMLP037989,                                "ASTARA",  38.4200,   48.8700,    21.0,198905,   367, , ,R,110612
AJMLP037989,                                "ASTARA",  38.4200,   48.8700,    21.0,198906,    70, , ,R,110612
AJMLP037989,                                "ASTARA",  38.4200,   48.8700,    21.0,198907,   318, , ,R,110612
AJMLP037989,                                "ASTARA",  38.4200,   48.8700,    21.0,198908,   298, , ,R,110612
AJMLP037989,                                "ASTARA",  38.4200,   48.8700,    21.0,198909,  2610, , ,R,110612
AJMLP037989,                                "ASTARA",  38.4200,   48.8700,    21.0,198910,  2830, , ,R,110612
AJMLP037989,                                "ASTARA",  38.4200,   48.8700,    21.0,198911,   923, , ,R,110612
AJMLP037989,                                "ASTARA",  38.4200,   48.8700,    21.0,198912,   707, , ,R,110612
AJMLP037989,                                "ASTARA",  38.4200,   48.8700,    21.0,199001,  1070, , ,R,110612
AJMLP037989,                                "ASTARA",  38.4200,   48.8700,    21.0,199002,  1081, , ,R,110612
AJMLP037989,                                "ASTARA",  38.4200,   48.8700,    21.0,199003,   870, , ,R,110612
AJMLP037989,                                "ASTARA",  38.4200,   48.8700,    21.0,199004,   886, , ,R,110612
AJMLP037989,                                "ASTARA",  38.4200,   48.8700,    21.0,199005,   409, , ,R,110612
AJMLP037989,                                "ASTARA",  38.4200,   48.8700,    21.0,199006,   209, , ,R,110612
AJMLP037989,                                "ASTARA",  38.4200,   48.8700,    21.0,199007,   321, , ,R,110612
AJMLP037989,                                "ASTARA",  38.4200,   48.8700,    21.0,199008,   413, , ,R,110612
AJMLP037989,                                "ASTARA",  38.4200,   48.8700,    21.0,199009,  1422, , ,R,110612
AJMLP037989,                                "ASTARA",  38.4200,   48.8700,    21.0,199010,  3485, , ,R,110612
AJMLP037989,                                "ASTARA",  38.4200,   48.8700,    21.0,199011,   839, , ,R,110612
AJMLP037989,                                "ASTARA",  38.4200,   48.8700,    21.0,199012,  2911, , ,R,110612
AJMLP037989,                                "ASTARA",  38.4100,   48.8700,   -22.0,199101,   421, , ,R,110615
AJMLP037989,                                "ASTARA",  38.4100,   48.8700,   -22.0,199102,   419, , ,R,110615
AJMLP037989,                                "ASTARA",  38.4100,   48.8700,   -22.0,199103,  1929, , ,R,110615
AJMLP037989,                                "ASTARA",  38.4100,   48.8700,   -22.0,199104,   448, , ,R,110615
AJMLP037989,                                "ASTARA",  38.4100,   48.8700,   -22.0,199105,   642, , ,R,110615
AJMLP037989,                                "ASTARA",  38.4100,   48.8700,   -22.0,199106,   144, , ,R,110615
AJMLP037989,                                "ASTARA",  38.4100,   48.8700,   -22.0,199107,   590, , ,R,110615
AJMLP037989,                                "ASTARA",  38.4100,   48.8700,   -22.0,199108,   606, , ,R,110615
AJMLP037989,                                "ASTARA",  38.4100,   48.8700,   -22.0,199109,  1778, , ,R,110615
AJMLP037989,                                "ASTARA",  38.4100,   48.8700,   -22.0,199110,  2048, , ,R,110615
AJMLP037989,                                "ASTARA",  38.4100,   48.8700,   -22.0,199111,  1645, , ,R,110615
AJMLP037989,                                "ASTARA",  38.4100,   48.8700,   -22.0,199112,   937, , ,R,110615
AJMLP037989,                                "ASTARA",  38.4100,   48.8700,   -22.0,199201,   555, , ,R,110615
AJMLP037989,                                "ASTARA",  38.4100,   48.8700,   -22.0,199202,   567, , ,R,110615
AJMLP037989,                                "ASTARA",  38.4100,   48.8700,   -22.0,199203,  1717, , ,R,110615
AJMLP037989,                                "ASTARA",  38.4100,   48.8700,   -22.0,199204,  1689, , ,R,110615
AJMLP037989,                                "ASTARA",  38.4100,   48.8700,   -22.0,199205,   682, , ,R,110615
AJMLP037989,                                "ASTARA",  38.4100,   48.8700,   -22.0,199206,   865, , ,R,110615
AJMLP037989,                                "ASTARA",  38.4100,   48.8700,   -22.0,199207,  1277, , ,R,110615
AJMLP037989,                                "ASTARA",  38.4100,   48.8700,   -22.0,199208,  1000, , ,R,110615
AJMLP037989,                                "ASTARA",  38.4100,   48.8700,   -22.0,199209,  2274, , ,R,110615
AJMLP037989,                                "ASTARA",  38.4100,   48.8700,   -22.0,199210,  1417, , ,R,110615
AJMLP037989,                                "ASTARA",  38.4100,   48.8700,   -22.0,199211,  1433, , ,R,110615
AJMLP037989,                                "ASTARA",  38.4100,   48.8700,   -22.0,199212,   859, , ,R,110615
AJMLP037989,                                "ASTARA",  38.4100,   48.8700,   -22.0,199301,   965, , ,R,110615
AJMLP037989,                                "ASTARA",  38.4100,   48.8700,   -22.0,199302,  1290, , ,R,110615
AJMLP037989,                                "ASTARA",  38.4100,   48.8700,   -22.0,199303,   921, , ,R,110615
AJMLP037989,                                "ASTARA",  38.4100,   48.8700,   -22.0,199304,   298, , ,R,110615
AJMLP037989,                                "ASTARA",  38.4100,   48.8700,   -22.0,199305,   283, , ,R,110615
AJMLP037989,                                "ASTARA",  38.4100,   48.8700,   -22.0,199306,  1190, , ,R,110615
AJMLP037989,                                "ASTARA",  38.4100,   48.8700,   -22.0,199307,  1159, , ,R,110615
AJMLP037989,                                "ASTARA",  38.4100,   48.8700,   -22.0,199308,   552, , ,R,110615
AJMLP037989,                                "ASTARA",  38.4100,   48.8700,   -22.0,199309,  2072, , ,R,110615
AJMLP037989,                                "ASTARA",  38.4100,   48.8700,   -22.0,199310,  2692, , ,R,110615
AJMLP037989,                                "ASTARA",  38.4100,   48.8700,   -22.0,199311,  2302, , ,R,110615
AJMLP037989,                                "ASTARA",  38.4100,   48.8700,   -22.0,199312,   192, , ,R,110615
AJMLP037989,                                "ASTARA",  38.4100,   48.8700,   -22.0,199401,   228, , ,R,110615
AJMLP037989,                                "ASTARA",  38.4100,   48.8700,   -22.0,199402,  1039, , ,R,110615
AJMLP037989,                                "ASTARA",  38.4100,   48.8700,   -22.0,199403,  1191, , ,R,110615
AJMLP037989,                                "ASTARA",  38.4100,   48.8700,   -22.0,199404,   371, , ,R,110615
AJMLP037989,                                "ASTARA",  38.4100,   48.8700,   -22.0,199405,   775, , ,R,110615
AJMLP037989,                                "ASTARA",  38.4100,   48.8700,   -22.0,199406,   975, , ,R,110615
AJMLP037989,                                "ASTARA",  38.4100,   48.8700,   -22.0,199407,   196, , ,R,110615
AJMLP037989,                                "ASTARA",  38.4100,   48.8700,   -22.0,199408,   547, , ,R,110615
AJMLP037989,                                "ASTARA",  38.4100,   48.8700,   -22.0,199409,   402, , ,R,110615
AJMLP037989,                                "ASTARA",  38.4100,   48.8700,   -22.0,199410,  1266, , ,R,110615
AJMLP037989,                                "ASTARA",  38.4100,   48.8700,   -22.0,199411,  2524, , ,R,110615
AJMLP037989,                                "ASTARA",  38.4100,   48.8700,   -22.0,199412,   888, , ,R,110615
AJMLP037989,                                "ASTARA",  38.4100,   48.8700,   -22.0,199501,   651, , ,R,110615
AJMLP037989,                                "ASTARA",  38.4100,   48.8700,   -22.0,199502,   528, , ,R,110615
AJMLP037989,                                "ASTARA",  38.4100,   48.8700,   -22.0,199503,   432, , ,R,110615
AJMLP037989,                                "ASTARA",  38.4100,   48.8700,   -22.0,199504,   491, , ,R,110615
AJMLP037989,                                "ASTARA",  38.4100,   48.8700,   -22.0,199505,   260, , ,R,110615
AJMLP037989,                                "ASTARA",  38.4100,   48.8700,   -22.0,199506,   409, , ,R,110615
AJMLP037989,                                "ASTARA",  38.4100,   48.8700,   -22.0,199507,    20, , ,R,110615
AJMLP037989,                                "ASTARA",  38.4100,   48.8700,   -22.0,199508,  1274, , ,R,110615
AJMLP037989,                                "ASTARA",  38.4100,   48.8700,   -22.0,199509,  2522, , ,R,110615
AJMLP037989,                                "ASTARA",  38.4100,   48.8700,   -22.0,199510,  4921, , ,R,110615
AJMLP037989,                                "ASTARA",  38.4100,   48.8700,   -22.0,199511,   712, , ,R,110615
AJMLP037989,                                "ASTARA",  38.4100,   48.8700,   -22.0,199512,   802, , ,R,110615
AJMLP037989,                                "ASTARA",  38.4100,   48.8700,   -22.0,199601,  1441, , ,R,110615
AJMLP037989,                                "ASTARA",  38.4100,   48.8700,   -22.0,199602,  1237, , ,R,110615
AJMLP037989,                                "ASTARA",  38.4100,   48.8700,   -22.0,199603,   941, , ,R,110615
AJMLP037989,                                "ASTARA",  38.4100,   48.8700,   -22.0,199604,   507, , ,R,110615
AJMLP037989,                                "ASTARA",  38.4100,   48.8700,   -22.0,199605,   301, , ,R,110615
AJMLP037989,                                "ASTARA",  38.4100,   48.8700,   -22.0,199606,   322, , ,R,110615
AJMLP037989,                                "ASTARA",  38.4100,   48.8700,   -22.0,199607,    15, , ,R,110615
AJMLP037989,                                "ASTARA",  38.4100,   48.8700,   -22.0,199608,   843, , ,R,110615
AJMLP037989,                                "ASTARA",  38.4100,   48.8700,   -22.0,199609,  3092, , ,R,110615
AJMLP037989,                                "ASTARA",  38.4100,   48.8700,   -22.0,199610,  1419, , ,R,110615
AJMLP037989,                                "ASTARA",  38.4100,   48.8700,   -22.0,199611,  1636, , ,R,110615
AJMLP037989,                                "ASTARA",  38.4100,   48.8700,   -22.0,199612,   923, , ,R,110615
AJMLP037989,                                "ASTARA",  38.4100,   48.8700,   -22.0,199701,  1176, , ,R,110615
AJMLP037989,                                "ASTARA",  38.4100,   48.8700,   -22.0,199702,  1874, , ,R,110615
AJMLP037989,                                "ASTARA",  38.4100,   48.8700,   -22.0,199703,  1217, , ,R,110615
AJMLP037989,                                "ASTARA",  38.4100,   48.8700,   -22.0,199704,   333, , ,R,110615
AJMLP037989,                                "ASTARA",  38.4100,   48.8700,   -22.0,199705,   239, , ,R,110615
AJMLP037989,                                "ASTARA",  38.4100,   48.8700,   -22.0,199706,   895, , ,R,110615
AJMLP037989,                                "ASTARA",  38.4100,   48.8700,   -22.0,199707,   654, , ,R,110615
AJMLP037989,                                "ASTARA",  38.4100,   48.8700,   -22.0,199708,   475, , ,R,110615
AJMLP037989,                                "ASTARA",  38.4100,   48.8700,   -22.0,199709,  5016, , ,R,110615
AJMLP037989,                                "ASTARA",  38.4100,   48.8700,   -22.0,199710,   908, , ,R,110615
AJMLP037989,                                "ASTARA",  38.4100,   48.8700,   -22.0,199711,   607, , ,R,110615
AJMLP037989,                                "ASTARA",  38.4100,   48.8700,   -22.0,199712,  1072, , ,R,110615
AJMLP037989,                                "ASTARA",  38.4100,   48.8700,   -22.0,199801,  1296, , ,R,110615
AJMLP037989,                                "ASTARA",  38.4100,   48.8700,   -22.0,199802,  2128, , ,R,110615
AJMLP037989,                                "ASTARA",  38.4100,   48.8700,   -22.0,199803,   934, , ,R,110615
AJMLP037989,                                "ASTARA",  38.4100,   48.8700,   -22.0,199804,   632, , ,R,110615
AJMLP037989,                                "ASTARA",  38.4100,   48.8700,   -22.0,199805,   494, , ,R,110615
AJMLP037989,                                "ASTARA",  38.4100,   48.8700,   -22.0,199806,   410, , ,R,110615
AJMLP037989,                                "ASTARA",  38.4100,   48.8700,   -22.0,199807,   445, , ,R,110615
AJMLP037989,                                "ASTARA",  38.4100,   48.8700,   -22.0,199808,   955, , ,R,110615
AJMLP037989,                                "ASTARA",  38.4100,   48.8700,   -22.0,199809,  2448, , ,R,110615
AJMLP037989,                                "ASTARA",  38.4100,   48.8700,   -22.0,199810,  3428, , ,R,110615
AJMLP037989,                                "ASTARA",  38.4100,   48.8700,   -22.0,199811,  2173, , ,R,110615
AJMLP037989,                                "ASTARA",  38.4100,   48.8700,   -22.0,199812,  1696, , ,R,110615
AJMLP037989,                                "ASTARA",  38.4100,   48.8700,   -22.0,199901,   896, , ,R,110615
AJMLP037989,                                "ASTARA",  38.4100,   48.8700,   -22.0,199902,   212, , ,R,110615
AJMLP037989,                                "ASTARA",  38.4100,   48.8700,   -22.0,199903,  1061, , ,R,110615
AJMLP037989,                                "ASTARA",  38.4100,   48.8700,   -22.0,199904,   669, , ,R,110615
AJMLP037989,                                "ASTARA",  38.4100,   48.8700,   -22.0,199905,  1823, , ,R,110615
AJMLP037989,                                "ASTARA",  38.4100,   48.8700,   -22.0,199906,     2, , ,R,110615
AJMLP037989,                                "ASTARA",  38.4100,   48.8700,   -22.0,199907,  1153, , ,R,110615
AJMLP037989,                                "ASTARA",  38.4100,   48.8700,   -22.0,199908,  2220, , ,R,110615
AJMLP037989,                                "ASTARA",  38.4100,   48.8700,   -22.0,199909,  1502, , ,R,110615
AJMLP037989,                                "ASTARA",  38.4100,   48.8700,   -22.0,199910,  2700, , ,R,110615
AJMLP037989,                                "ASTARA",  38.4100,   48.8700,   -22.0,199911,  2073, , ,R,110615
AJMLP037989,                                "ASTARA",  38.4100,   48.8700,   -22.0,199912,   499, , ,R,110615
AJMLP037989,                                "ASTARA",  38.4100,   48.8700,   -22.0,200001,  1412, , ,R,110615
AJMLP037989,                                "ASTARA",  38.4100,   48.8700,   -22.0,200002,  1072, , ,R,110615
AJMLP037989,                                "ASTARA",  38.4100,   48.8700,   -22.0,200003,  1738, , ,R,110615
AJMLP037989,                                "ASTARA",  38.4100,   48.8700,   -22.0,200004,    22, , ,R,110615
AJMLP037989,                                "ASTARA",  38.4100,   48.8700,   -22.0,200005,   783, , ,R,110615
AJMLP037989,                                "ASTARA",  38.4100,   48.8700,   -22.0,200006,   391, , ,R,110615
AJMLP037989,                                "ASTARA",  38.4100,   48.8700,   -22.0,200007,    41, , ,R,110615
AJMLP037989,                                "ASTARA",  38.4100,   48.8700,   -22.0,200008,  1773, , ,R,110615
AJMLP037989,                                "ASTARA",  38.4100,   48.8700,   -22.0,200009,  6281, , ,R,110615
AJMLP037989,                                "ASTARA",  38.4100,   48.8700,   -22.0,200010,  2422, , ,R,110615
AJMLP037989,                                "ASTARA",  38.4100,   48.8700,   -22.0,200011,  2437, , ,R,110615
AJMLP037989,                                "ASTARA",  38.4100,   48.8700,   -22.0,200012,   927, , ,R,110615
AJMLP037989,                                "ASTARA",  38.4500,   48.8833,   -22.0,200309,  2440, , ,M,116388
AJMLP037989,                                "ASTARA",  38.4500,   48.8833,   -22.0,200310,  1550, , ,M,116388
AJMLP037989,                                "ASTARA",  38.4500,   48.8833,   -22.0,200311,  1290, , ,M,116388
AJMLP037989,                                "ASTARA",  38.4500,   48.8833,   -22.0,200401,   240, , ,M,116388
AJMLP037989,                                "ASTARA",  38.4500,   48.8833,   -22.0,200402,   560, , ,M,116388
AJMLP037989,                                "ASTARA",  38.4500,   48.8833,   -22.0,200403,  1510, , ,M,116388
AJMLP037989,                                "ASTARA",  38.4500,   48.8833,   -22.0,200404,   920, , ,M,116388
AJMLP037989,                                "ASTARA",  38.4500,   48.8833,   -22.0,200405,  1040, , ,M,116388
AJMLP037989,                                "ASTARA",  38.4500,   48.8833,   -22.0,200406,   270, , ,M,116388
AJMLP037989,                                "ASTARA",  38.4500,   48.8833,   -22.0,200408,   260, , ,M,116388
AJMLP037989,                                "ASTARA",  38.4500,   48.8833,   -22.0,200409,     0, , ,M,116388
AJMLP037989,                                "ASTARA",  38.4500,   48.8800,   -22.0,200410,  2510, , ,R,113329
AJMLP037989,                                "ASTARA",  38.4500,   48.8800,   -22.0,200411,  3620, , ,R,113329
AJMLP037989,                                "ASTARA",  38.4500,   48.8800,   -22.0,200412,   870, , ,R,113329
AJMLP037989,                                "ASTARA",  38.4500,   48.8800,   -22.0,200502,  1350, , ,R,113329
AJMLP037989,                                "ASTARA",  38.4500,   48.8800,   -22.0,200503,  1050, , ,R,113329
AJMLP037989,                                "ASTARA",  38.4500,   48.8800,   -22.0,200504,   590, , ,R,113329
AJMLP037989,                                "ASTARA",  38.4500,   48.8800,   -22.0,200507,   140, , ,R,113329
AJMLP037989,                                "ASTARA",  38.4500,   48.8800,   -22.0,200508,   160, , ,R,113329
AJMLP037989,                                "ASTARA",  38.4500,   48.8800,   -22.0,200509,   640, , ,R,113329
AJMLP037989,                                "ASTARA",  38.4500,   48.8800,   -22.0,200511,  1900, , ,R,113329
AJMLP037989,                                "ASTARA",  38.4500,   48.8800,   -22.0,200601,   120, , ,R,113329
AJMLP037989,                                "ASTARA",  38.4500,   48.8800,   -22.0,200602,   560, , ,R,113329
AJMLP037989,                                "ASTARA",  38.4500,   48.8800,   -22.0,200603,   540, , ,R,113329
AJMLP037989,                                "ASTARA",  38.4500,   48.8800,   -22.0,200604,   750, , ,R,113329
AJMLP037989,                                "ASTARA",  38.4500,   48.8800,   -22.0,200607,  1260, , ,R,113329
AJMLP037989,                                "ASTARA",  38.4500,   48.8800,   -22.0,200611,  1650, , ,R,113329
AJMLP037989,                                "ASTARA",  38.4500,   48.8800,   -22.0,200612,   180, , ,R,113329
AJMLP037989,                                "ASTARA",  38.4500,   48.8800,   -22.0,200701,   300, , ,R,113329
AJMLP037989,                                "ASTARA",  38.4500,   48.8800,   -22.0,200702,  2200, , ,R,113329
AJMLP037989,                                "ASTARA",  38.4500,   48.8800,   -22.0,200705,    80, , ,R,113329
AJMLP037989,                                "ASTARA",  38.4500,   48.8800,   -22.0,200707,   120, , ,R,113329
AJMLP037989,                                "ASTARA",  38.4500,   48.8800,   -22.0,200708,    70, , ,R,113329
AJMLP037989,                                "ASTARA",  38.4500,   48.8800,   -22.0,200710,   930, , ,R,113329
AJMLP037989,                                "ASTARA",  38.4500,   48.8800,   -22.0,200803,   130, , ,R,113329
AJMLP037989,                                "ASTARA",  38.4500,   48.8800,   -22.0,200804,    30, , ,R,113329
AJMLP037989,                                "ASTARA",  38.4500,   48.8800,   -22.0,200805,   650, , ,R,113329
AJMLP037989,                                "ASTARA",  38.4500,   48.8800,   -22.0,200807,   270, , ,R,113329
AJMLP037989,                                "ASTARA",  38.4500,   48.8800,   -22.0,200808,    50, , ,R,113329
AJMLP037989,                                "ASTARA",  38.4500,   48.8800,   -22.0,200809,  1710, , ,R,113329
AJMLP037989,                                "ASTARA",  38.4500,   48.8800,   -22.0,200810,  2850, , ,R,113329
AJMLP037989,                                "ASTARA",  38.4500,   48.8800,   -22.0,200812,  2100, , ,R,113329
AJMLP037989,                                "ASTARA",  38.4500,   48.8833,   -22.0,200902,    50, , ,M,116388
AJMLP037989,                                "ASTARA",  38.4500,   48.8833,   -22.0,200903,   400, , ,M,116388
AJMLP037989,                                "ASTARA",  38.4500,   48.8833,   -22.0,200904,  1500, , ,M,116388
AJMLP037989,                                "ASTARA",  38.4500,   48.8833,   -22.0,200905,   430, , ,M,116388
AJMLP037989,                                "ASTARA",  38.4500,   48.8833,   -22.0,200906,   230, , ,M,116388
AJMLP037989,                                "ASTARA",  38.4500,   48.8833,   -22.0,200907,     0, , ,M,116388
AJMLP037989,                                "ASTARA",  38.4500,   48.8833,   -22.0,200908,  1540, , ,M,116388
AJMLP037989,                                "ASTARA",  38.4500,   48.8833,   -22.0,200909,  1740, , ,M,116388
AJMLP037989,                                "ASTARA",  38.4500,   48.8833,   -22.0,200910,  1010, , ,M,116388
AJMLP037989,                                "ASTARA",  38.4500,   48.8833,   -22.0,200911,  1290, , ,M,116388
AJMLP037989,                                "ASTARA",  38.4500,   48.8833,   -22.0,200912,  1060, , ,M,116388
AJMLP037989,                                "ASTARA",  38.4500,   48.8833,   -22.0,201002,  1100, , ,M,116388
AJMLP037989,                                "ASTARA",  38.4500,   48.8833,   -22.0,201003,  1090, , ,M,116388
AJMLP037989,                                "ASTARA",  38.4500,   48.8833,   -22.0,201005,   500, , ,M,116388
AJMLP037989,                                "ASTARA",  38.4500,   48.8833,   -22.0,201006,    50, , ,M,116388
AJMLP037989,                                "ASTARA",  38.4500,   48.8833,   -22.0,201007,   180, , ,M,116388
AJMLP037989,                                "ASTARA",  38.4500,   48.8833,   -22.0,201008,   650, , ,M,116388
AJMLP037989,                                "ASTARA",  38.4500,   48.8833,   -22.0,201009,   270, , ,M,116388
AJMLP037989,                                "ASTARA",  38.4500,   48.8833,   -22.0,201010,  3660, , ,M,116388
AJMLP037989,                                "ASTARA",  38.4500,   48.8833,   -22.0,201011,   580, , ,M,116388
AJMLP037989,                                "ASTARA",  38.4500,   48.8833,   -22.0,201012,   120, , ,M,116388
AJMLP037989,                                "ASTARA",  38.4500,   48.8833,   -22.0,201101,   820, , ,M,116388
AJMLP037989,                                "ASTARA",  38.4500,   48.8833,   -22.0,201102,  1580, , ,M,116388
AJMLP037989,                                "ASTARA",  38.4500,   48.8833,   -22.0,201103,   690, , ,M,116388
AJMLP037989,                                "ASTARA",  38.4500,   48.8833,   -22.0,201104,   400, , ,M,116388
AJMLP037989,                                "ASTARA",  38.4500,   48.8833,   -22.0,201105,   340, , ,M,116388
AJMLP037989,                                "ASTARA",  38.4500,   48.8833,   -22.0,201106,   420, , ,M,116388
AJMLP037989,                                "ASTARA",  38.4500,   48.8833,   -22.0,201107,     0, , ,M,116388
AJMLP037989,                                "ASTARA",  38.4500,   48.8833,   -22.0,201108,  1230, , ,M,116388
AJMLP037989,                                "ASTARA",  38.4500,   48.8833,   -22.0,201109,  3450, , ,M,116388
AJMLP037989,                                "ASTARA",  38.4500,   48.8833,   -22.0,201110,  2480, , ,M,116388
AJMLP037989,                                "ASTARA",  38.4500,   48.8833,   -22.0,201112,   350, , ,M,116388
AJMLP037989,                                "ASTARA",  38.4500,   48.8833,   -22.0,201201,  1150, , ,M,116388
AJMLP037989,                                "ASTARA",  38.4500,   48.8833,   -22.0,201202,   430, , ,M,116388
AJMLP037989,                                "ASTARA",  38.4500,   48.8833,   -22.0,201203,   630, , ,M,116388
AJMLP037989,                                "ASTARA",  38.4500,   48.8833,   -22.0,201204,    90, , ,M,116388
AJMLP037989,                                "ASTARA",  38.4500,   48.8833,   -22.0,201205,   210, , ,M,116388
AJMLP037989,                                "ASTARA",  38.4500,   48.8833,   -22.0,201207,   100, , ,M,116388
AJMLP037989,                                "ASTARA",  38.4500,   48.8833,   -22.0,201208,  1390, , ,M,116388
AJMLP037989,                                "ASTARA",  38.4500,   48.8833,   -22.0,201209,  1630, , ,M,116388
AJMLP037989,                                "ASTARA",  38.4500,   48.8833,   -22.0,201210,   930, , ,M,116388
AJMLP037989,                                "ASTARA",  38.4500,   48.8833,   -22.0,201211,  2530, , ,M,116388
AJMLP037989,                                "ASTARA",  38.4500,   48.8833,   -22.0,201212,  1030, , ,M,116388
AJMLP037989,                                "ASTARA",  38.4500,   48.8833,   -22.0,201301,   700, , ,M,116388
AJMLP037989,                                "ASTARA",  38.4500,   48.8833,   -22.0,201302,   910, , ,M,116388
AJMLP037989,                                "ASTARA",  38.4500,   48.8833,   -22.0,201303,   590, , ,M,116388
AJMLP037989,                                "ASTARA",  38.4500,   48.8833,   -22.0,201304,   630, , ,M,116388
AJMLP037989,                                "ASTARA",  38.4500,   48.8833,   -22.0,201305,   240, , ,M,116388
AJMLP037989,                                "ASTARA",  38.4500,   48.8833,   -22.0,201306,   860, , ,M,116388
AJMLP037989,                                "ASTARA",  38.4500,   48.8833,   -22.0,201307,   250, , ,M,116388
AJMLP037989,                                "ASTARA",  38.4500,   48.8833,   -22.0,201310,  3190, , ,M,116388
AJMLP037989,                                "ASTARA",  38.4500,   48.8833,   -22.0,201311,  1920, , ,M,116388
AJMLP037989,                                "ASTARA",  38.4500,   48.8833,   -22.0,201312,   900, , ,M,116388
AJMLP037989,                                "ASTARA",  38.4500,   48.8833,   -22.0,201401,   640, , ,M,116388
AJMLP037989,                                "ASTARA",  38.4500,   48.8833,   -22.0,201402,   870, , ,M,116388
AJMLP037989,                                "ASTARA",  38.4500,   48.8833,   -22.0,201403,   830, , ,M,116388
AJMLP037989,                                "ASTARA",  38.4500,   48.8833,   -22.0,201404,   530, , ,M,116388
AJMLP037989,                                "ASTARA",  38.4500,   48.8833,   -22.0,201405,   100, , ,M,116388
AJMLP037989,                                "ASTARA",  38.4500,   48.8833,   -22.0,201406,    70, , ,M,116388
AJMLP037989,                                "ASTARA",  38.4500,   48.8833,   -22.0,201407,   100, , ,M,116388
AJMLP037989,                                "ASTARA",  38.4500,   48.8833,   -22.0,201408,   200, , ,M,116388
AJMLP037989,                                "ASTARA",  38.4500,   48.8833,   -22.0,201409,  1660, , ,M,116388
AJMLP037989,                                "ASTARA",  38.4500,   48.8833,   -22.0,201412,  1120, , ,M,116388
AJMLP037989,                                "ASTARA",  38.4500,   48.8833,   -22.0,201501,  1200, , ,M,116388
AJMLP037989,                                "ASTARA",  38.4500,   48.8833,   -22.0,201502,   790, , ,M,116388
AJMLP037989,                                "ASTARA",  38.4500,   48.8833,   -22.0,201503,  1240, , ,M,116388
AJMLP037989,                                "ASTARA",  38.4500,   48.8833,   -22.0,201504,   460, , ,M,116388
AJMLP037989,                                "ASTARA",  38.4500,   48.8833,   -22.0,201505,   280, , ,M,116388
AJMLP037989,                                "ASTARA",  38.4500,   48.8833,   -22.0,201506,    50, , ,M,116388
AJMLP037989,                                "ASTARA",  38.4500,   48.8833,   -22.0,201507,   980, , ,M,116388
AJMLP037989,                                "ASTARA",  38.4500,   48.8833,   -22.0,201508,   640, , ,M,116388
AJMLP037989,                                "ASTARA",  38.4500,   48.8833,   -22.0,201509,    40, , ,M,116388
AJMLP037989,                                "ASTARA",  38.4500,   48.8833,   -22.0,201510,  5910, , ,M,116388
AJMLP037989,                                "ASTARA",  38.4500,   48.8833,   -22.0,201511,  3510, , ,M,116388
AJMLP037989,                                "ASTARA",  38.4500,   48.8833,   -22.0,201512,  1570, , ,M,116388
AJMLP037989,                                "ASTARA",  38.4500,   48.8833,   -22.0,201602,   680, , ,M,116388
AJMLP037989,                                "ASTARA",  38.4500,   48.8833,   -22.0,201603,  1000, , ,M,116388
AJMLP037989,                                "ASTARA",  38.4500,   48.8833,   -22.0,201604,   530, , ,M,116388
AJMLP037989,                                "ASTARA",  38.4500,   48.8833,   -22.0,201606,   650, , ,M,116388
AJMLP037989,                                "ASTARA",  38.4500,   48.8833,   -22.0,201607,   540, , ,M,116388
AJMLP037989,                                "ASTARA",  38.4500,   48.8833,   -22.0,201609,  4190, , ,M,116388
AJMLP037989,                                "ASTARA",  38.4500,   48.8833,   -22.0,201610,  3510, , ,M,116388
AJMLP037989,                                "ASTARA",  38.4500,   48.8833,   -22.0,201611,  1150, , ,M,116388
AJMLP037989,                                "ASTARA",  38.4500,   48.8833,   -22.0,201612,   920, , ,M,116388
AJMLP037989,                                "ASTARA",  38.4500,   48.8833,   -22.0,201701,   440, , ,M,116388
AJMLP037989,                                "ASTARA",  38.4500,   48.8833,   -22.0,201702,   940, , ,M,116388
AJMLP037989,                                "ASTARA",  38.4500,   48.8833,   -22.0,201703,   400, , ,M,116388
AJMLP037989,                                "ASTARA",  38.4500,   48.8833,   -22.0,201704,   510, , ,M,116388
AJMLP037989,                                "ASTARA",  38.4500,   48.8833,   -22.0,201705,   260, , ,M,116388
AJMLP037989,                                "ASTARA",  38.4500,   48.8833,   -22.0,201706,   650, , ,M,116388
AJMLP037989,                                "ASTARA",  38.4500,   48.8833,   -22.0,201707,   110, , ,M,116388
AJMLP037989,                                "ASTARA",  38.4500,   48.8833,   -22.0,201708,   190, , ,M,116388
AJMLP037989,                                "ASTARA",  38.4500,   48.8833,   -22.0,201709,  2250, , ,M,116388
AJMLP037989,                                "ASTARA",  38.4500,   48.8833,   -22.0,201710,  2900, , ,M,116388
AJMLP037989,                                "ASTARA",  38.4500,   48.8833,   -22.0,201711,   920, , ,M,116388
AJMLP037989,                                "ASTARA",  38.4500,   48.8833,   -22.0,201712,   350, , ,M,116388
AJMLP037989,                                "ASTARA",  38.4500,   48.8833,   -22.0,201801,  1430, , ,M,116388
AJMLP037989,                                "ASTARA",  38.4500,   48.8833,   -22.0,201802,   680, , ,M,116388
AJMLP037989,                                "ASTARA",  38.4500,   48.8833,   -22.0,201803,   400, , ,M,116388
AJMLP037989,                                "ASTARA",  38.4500,   48.8833,   -22.0,201804,   120, , ,M,116388
AJMLP037989,                                "ASTARA",  38.4500,   48.8833,   -22.0,201805,   190, , ,M,116388
AJMLP037989,                                "ASTARA",  38.4500,   48.8833,   -22.0,201806,   250, , ,M,116388
AJMLP037989,                                "ASTARA",  38.4500,   48.8833,   -22.0,201807,   150, , ,M,116388
AJMLP037989,                                "ASTARA",  38.4500,   48.8833,   -22.0,201808,   350, , ,M,116388
AJMLP037989,                                "ASTARA",  38.4500,   48.8833,   -22.0,201809,  1820, , ,M,116388
AJMLP037989,                                "ASTARA",  38.4500,   48.8833,   -22.0,201810,  1940, , ,M,116388
AJMLP037989,                                "ASTARA",  38.4500,   48.8833,   -22.0,201811,   260, , ,M,116388
AJMLP037989,                                "ASTARA",  38.4500,   48.8833,   -22.0,201812,   850, , ,M,116388
AJMLP037989,                                "ASTARA",  38.4500,   48.8833,   -22.0,201901,   600, , ,M,116388
AJMLP037989,                                "ASTARA",  38.4500,   48.8833,   -22.0,201903,  2090, , ,M,116388
AJMLP037989,                                "ASTARA",  38.4500,   48.8833,   -22.0,201904,  1180, , ,M,116388
AJMLP037989,                                "ASTARA",  38.4500,   48.8833,   -22.0,201905,   250, , ,M,116388
AJMLP037989,                                "ASTARA",  38.4500,   48.8833,   -22.0,201906,    30, , ,M,116388
AJMLP037989,                                "ASTARA",  38.4500,   48.8833,   -22.0,201907,   350, , ,M,116388
AJMLP037989,                                "ASTARA",  38.4500,   48.8833,   -22.0,201908,   970, , ,M,116388
AJMLP037989,                                "ASTARA",  38.4500,   48.8833,   -22.0,201909,  2290, , ,M,116388
AJMLP037989,                                "ASTARA",  38.4500,   48.8833,   -22.0,201910,   970, , ,M,116388
AJMLP037989,                                "ASTARA",  38.4500,   48.8833,   -22.0,201911,  1460, , ,M,116388
AJMLP037989,                                "ASTARA",  38.4500,   48.8833,   -22.0,201912,   980, , ,M,116388
AJMLP037989,                                "ASTARA",  38.4500,   48.8833,   -22.0,202001,   130, , ,M,116388
AJMLP037989,                                "ASTARA",  38.4500,   48.8833,   -22.0,202002,  1060, , ,M,116388
AJMLP037989,                                "ASTARA",  38.4500,   48.8833,   -22.0,202003,  1490, , ,M,116388
AJMLP037989,                                "ASTARA",  38.4500,   48.8833,   -22.0,202004,  1660, , ,M,116388
AJMLP037989,                                "ASTARA",  38.4500,   48.8833,   -22.0,202005,   230, , ,M,116388
AJMLP037989,                                "ASTARA",  38.4500,   48.8833,   -22.0,202008,  1160, , ,M,116388
AJMLP037989,                                "ASTARA",  38.4500,   48.8833,   -22.0,202009,  1350, , ,M,116388
