ARMLP087078,                           "LAS LOMITAS", -24.7000,  -60.6000,   130.0,195101,   910, , ,R,078374
ARMLP087078,                           "LAS LOMITAS", -24.7000,  -60.6000,   130.0,195102,   550, , ,R,078374
ARMLP087078,                           "LAS LOMITAS", -24.7000,  -60.6000,   130.0,195103,  1410, , ,R,078374
ARMLP087078,                           "LAS LOMITAS", -24.7000,  -60.6000,   130.0,195104,  1080, , ,R,078374
ARMLP087078,                           "LAS LOMITAS", -24.7000,  -60.6000,   130.0,195105,   250, , ,R,078374
ARMLP087078,                           "LAS LOMITAS", -24.7000,  -60.6000,   130.0,195106,    70, , ,R,078374
ARMLP087078,                           "LAS LOMITAS", -24.7000,  -60.6000,   130.0,195107,     0, , ,R,078374
ARMLP087078,                           "LAS LOMITAS", -24.7000,  -60.6000,   130.0,195306,   260, , ,R,078374
ARMLP087078,                           "LAS LOMITAS", -24.7000,  -60.6000,   130.0,195307,     0, , ,R,078374
ARMLP087078,                           "LAS LOMITAS", -24.7000,  -60.6000,   130.0,195308,     0, , ,R,078374
ARMLP087078,                           "LAS LOMITAS", -24.7000,  -60.6000,   130.0,195309,     0, , ,R,078374
ARMLP087078,                           "LAS LOMITAS", -24.7000,  -60.6000,   130.0,195310,   580, , ,R,078374
ARMLP087078,                           "LAS LOMITAS", -24.7000,  -60.6000,   130.0,195311,  1230, , ,R,078374
ARMLP087078,                           "LAS LOMITAS", -24.7000,  -60.6000,   130.0,195312,   310, , ,R,078374
ARMLP087078,                           "LAS LOMITAS", -24.7000,  -60.6000,   130.0,195401,  1160, , ,R,078374
ARMLP087078,                           "LAS LOMITAS", -24.7000,  -60.6000,   130.0,195402,   750, , ,R,078374
ARMLP087078,                           "LAS LOMITAS", -24.7000,  -60.6000,   130.0,195403,   990, , ,R,078374
ARMLP087078,                           "LAS LOMITAS", -24.7000,  -60.6000,   130.0,195404,   460, , ,R,078374
ARMLP087078,                           "LAS LOMITAS", -24.7000,  -60.6000,   130.0,195405,   150, , ,R,078374
ARMLP087078,                           "LAS LOMITAS", -24.7000,  -60.6000,   130.0,195406,   240, , ,R,078374
ARMLP087078,                           "LAS LOMITAS", -24.7000,  -60.6000,   130.0,195407,   520, , ,R,078374
ARMLP087078,                           "LAS LOMITAS", -24.7000,  -60.6000,   130.0,195408,   110, , ,R,078374
ARMLP087078,                           "LAS LOMITAS", -24.7000,  -60.6000,   130.0,195409,   310, , ,R,078374
ARMLP087078,                           "LAS LOMITAS", -24.7000,  -60.6000,   130.0,195410,   650, , ,R,078374
ARMLP087078,                           "LAS LOMITAS", -24.7000,  -60.6000,   130.0,195411,   540, , ,R,078374
ARMLP087078,                           "LAS LOMITAS", -24.7000,  -60.6000,   130.0,195412,   750, , ,R,078374
ARMLP087078,                           "LAS LOMITAS", -24.7000,  -60.6000,   130.0,195501,   670, , ,R,078374
ARMLP087078,                           "LAS LOMITAS", -24.7000,  -60.6000,   130.0,195502,  1820, , ,R,078374
ARMLP087078,                           "LAS LOMITAS", -24.7000,  -60.6000,   130.0,195503,  1920, , ,R,078374
ARMLP087078,                           "LAS LOMITAS", -24.7000,  -60.6000,   130.0,195504,   140, , ,R,078374
ARMLP087078,                           "LAS LOMITAS", -24.7000,  -60.6000,   130.0,195505,   120, , ,R,078374
ARMLP087078,                           "LAS LOMITAS", -24.7000,  -60.6000,   130.0,195506,   220, , ,R,078374
ARMLP087078,                           "LAS LOMITAS", -24.7000,  -60.6000,   130.0,195507,    30, , ,R,078374
ARMLP087078,                           "LAS LOMITAS", -24.7000,  -60.6000,   130.0,195508,     0, , ,R,078374
ARMLP087078,                           "LAS LOMITAS", -24.7000,  -60.6000,   130.0,195509,    90, , ,R,078374
ARMLP087078,                           "LAS LOMITAS", -24.7000,  -60.6000,   130.0,195510,   700, , ,R,078374
ARMLP087078,                           "LAS LOMITAS", -24.7000,  -60.6000,   130.0,195511,  1140, , ,R,078374
ARMLP087078,                           "LAS LOMITAS", -24.7000,  -60.6000,   130.0,195512,  1230, , ,R,078374
ARMLP087078,                           "LAS LOMITAS", -24.7000,  -60.6000,   130.0,195601,  2220, , ,R,078374
ARMLP087078,                           "LAS LOMITAS", -24.7000,  -60.6000,   130.0,195602,  2000, , ,R,078374
ARMLP087078,                           "LAS LOMITAS", -24.7000,  -60.6000,   130.0,195603,  1920, , ,R,078374
ARMLP087078,                           "LAS LOMITAS", -24.7000,  -60.6000,   130.0,195604,  2710, , ,R,078374
ARMLP087078,                           "LAS LOMITAS", -24.7000,  -60.6000,   130.0,195605,   240, , ,R,078374
ARMLP087078,                           "LAS LOMITAS", -24.7000,  -60.6000,   130.0,195606,   120, , ,R,078374
ARMLP087078,                           "LAS LOMITAS", -24.7000,  -60.6000,   130.0,195607,   400, , ,R,078374
ARMLP087078,                           "LAS LOMITAS", -24.7000,  -60.6000,   130.0,195608,   930, , ,R,078374
ARMLP087078,                           "LAS LOMITAS", -24.7000,  -60.6000,   130.0,195609,   150, , ,R,078374
ARMLP087078,                           "LAS LOMITAS", -24.7000,  -60.6000,   130.0,195610,  2240, , ,R,078374
ARMLP087078,                           "LAS LOMITAS", -24.7000,  -60.6000,   130.0,195611,  1160, , ,R,078374
ARMLP087078,                           "LAS LOMITAS", -24.7000,  -60.6000,   130.0,195612,  1220, , ,R,078374
ARMLP087078,                           "LAS LOMITAS", -24.7000,  -60.6000,   130.0,195701,  1560, , ,R,078374
ARMLP087078,                           "LAS LOMITAS", -24.7000,  -60.6000,   130.0,195702,  1280, , ,R,078374
ARMLP087078,                           "LAS LOMITAS", -24.7000,  -60.6000,   130.0,195703,   190, , ,R,078374
ARMLP087078,                           "LAS LOMITAS", -24.7000,  -60.6000,   130.0,195704,   640, , ,R,078374
ARMLP087078,                           "LAS LOMITAS", -24.7000,  -60.6000,   130.0,195705,  3010, , ,R,078374
ARMLP087078,                           "LAS LOMITAS", -24.7000,  -60.6000,   130.0,195706,    30, , ,R,078374
ARMLP087078,                           "LAS LOMITAS", -24.7000,  -60.6000,   130.0,195707,   120, , ,R,078374
ARMLP087078,                           "LAS LOMITAS", -24.7000,  -60.6000,   130.0,195708,    40, , ,R,078374
ARMLP087078,                           "LAS LOMITAS", -24.7000,  -60.6000,   130.0,195709,   540, , ,R,078374
ARMLP087078,                           "LAS LOMITAS", -24.7000,  -60.6000,   130.0,195710,   860, , ,R,078374
ARMLP087078,                           "LAS LOMITAS", -24.7000,  -60.6000,   130.0,195711,   150, , ,R,078374
ARMLP087078,                           "LAS LOMITAS", -24.7000,  -60.6000,   130.0,195712,  2930, , ,R,078374
ARMLP087078,                           "LAS LOMITAS", -24.7000,  -60.6000,   130.0,195801,   210, , ,R,078374
ARMLP087078,                           "LAS LOMITAS", -24.7000,  -60.6000,   130.0,195802,  1820, , ,R,078374
ARMLP087078,                           "LAS LOMITAS", -24.7000,  -60.6000,   130.0,195803,  1090, , ,R,078374
ARMLP087078,                           "LAS LOMITAS", -24.7000,  -60.6000,   130.0,195804,  1330, , ,R,078374
ARMLP087078,                           "LAS LOMITAS", -24.7000,  -60.6000,   130.0,195805,   200, , ,R,078374
ARMLP087078,                           "LAS LOMITAS", -24.7000,  -60.6000,   130.0,195806,    50, , ,R,078374
ARMLP087078,                           "LAS LOMITAS", -24.7000,  -60.6000,   130.0,195807,   560, , ,R,078374
ARMLP087078,                           "LAS LOMITAS", -24.7000,  -60.6000,   130.0,195808,    60, , ,R,078374
ARMLP087078,                           "LAS LOMITAS", -24.7000,  -60.6000,   130.0,195809,   510, , ,R,078374
ARMLP087078,                           "LAS LOMITAS", -24.7000,  -60.6000,   130.0,195810,   810, , ,R,078374
ARMLP087078,                           "LAS LOMITAS", -24.7000,  -60.6000,   130.0,195811,   960, , ,R,078374
ARMLP087078,                           "LAS LOMITAS", -24.7000,  -60.6000,   130.0,195812,  2670, , ,R,078374
ARMLP087078,                           "LAS LOMITAS", -24.7000,  -60.6000,   130.0,195901,  1740, , ,R,078374
ARMLP087078,                           "LAS LOMITAS", -24.7000,  -60.6000,   130.0,195902,  1510, , ,R,078374
ARMLP087078,                           "LAS LOMITAS", -24.7000,  -60.6000,   130.0,195903,  1540, , ,R,078374
ARMLP087078,                           "LAS LOMITAS", -24.7000,  -60.6000,   130.0,195904,   660, , ,R,078374
ARMLP087078,                           "LAS LOMITAS", -24.7000,  -60.6000,   130.0,195905,  1190, , ,R,078374
ARMLP087078,                           "LAS LOMITAS", -24.7000,  -60.6000,   130.0,195906,   240, , ,R,078374
ARMLP087078,                           "LAS LOMITAS", -24.7000,  -60.6000,   130.0,195907,   810, , ,R,078374
ARMLP087078,                           "LAS LOMITAS", -24.7000,  -60.6000,   130.0,195908,   130, , ,R,078374
ARMLP087078,                           "LAS LOMITAS", -24.7000,  -60.6000,   130.0,195909,   950, , ,R,078374
ARMLP087078,                           "LAS LOMITAS", -24.7000,  -60.6000,   130.0,195910,   660, , ,R,078374
ARMLP087078,                           "LAS LOMITAS", -24.7000,  -60.6000,   130.0,195911,  1560, , ,R,078374
ARMLP087078,                           "LAS LOMITAS", -24.7000,  -60.6000,   130.0,195912,  1900, , ,R,078374
ARMLP087078,                           "LAS LOMITAS", -24.7000,  -60.6000,   130.0,196001,  1440, , ,R,078374
ARMLP087078,                           "LAS LOMITAS", -24.7000,  -60.6000,   130.0,196002,  1220, , ,R,078374
ARMLP087078,                           "LAS LOMITAS", -24.7000,  -60.6000,   130.0,196003,  1330, , ,R,078374
ARMLP087078,                           "LAS LOMITAS", -24.7000,  -60.6000,   130.0,196004,  1230, , ,R,078374
ARMLP087078,                           "LAS LOMITAS", -24.7000,  -60.6000,   130.0,196005,   270, , ,R,078374
ARMLP087078,                           "LAS LOMITAS", -24.7000,  -60.6000,   130.0,196006,   170, , ,R,078374
ARMLP087078,                           "LAS LOMITAS", -24.7000,  -60.6000,   130.0,196007,    60, , ,R,078374
ARMLP087078,                           "LAS LOMITAS", -24.7000,  -60.6000,   130.0,196008,   210, , ,R,078374
ARMLP087078,                           "LAS LOMITAS", -24.7000,  -60.6000,   130.0,196009,   220, , ,R,078374
ARMLP087078,                           "LAS LOMITAS", -24.7000,  -60.6000,   130.0,196010,   810, , ,R,078374
ARMLP087078,                           "LAS LOMITAS", -24.7000,  -60.6000,   130.0,196011,  1240, , ,R,078374
ARMLP087078,                           "LAS LOMITAS", -24.7000,  -60.6000,   130.0,196012,  1190, , ,R,078374
ARMLP087078,                           "LAS LOMITAS", -24.7000,  -60.5833,   130.0,196101,   237, , ,W,122621
ARMLP087078,                           "LAS LOMITAS", -24.7000,  -60.5833,   130.0,196102,  1476, , ,W,122621
ARMLP087078,                           "LAS LOMITAS", -24.7000,  -60.5833,   130.0,196103,   467, , ,W,122621
ARMLP087078,                           "LAS LOMITAS", -24.7000,  -60.5833,   130.0,196104,  1490, , ,W,122621
ARMLP087078,                           "LAS LOMITAS", -24.7000,  -60.5833,   130.0,196105,   597, , ,W,122621
ARMLP087078,                           "LAS LOMITAS", -24.7000,  -60.5833,   130.0,196106,   150, , ,W,122621
ARMLP087078,                           "LAS LOMITAS", -24.7000,  -60.5833,   130.0,196107,   110, , ,W,122621
ARMLP087078,                           "LAS LOMITAS", -24.7000,  -60.5833,   130.0,196108,   223, , ,W,122621
ARMLP087078,                           "LAS LOMITAS", -24.7000,  -60.5833,   130.0,196109,    95, , ,W,122621
ARMLP087078,                           "LAS LOMITAS", -24.7000,  -60.5833,   130.0,196110,  1151, , ,W,122621
ARMLP087078,                           "LAS LOMITAS", -24.7000,  -60.5833,   130.0,196111,  2260, , ,W,122621
ARMLP087078,                           "LAS LOMITAS", -24.7000,  -60.5833,   130.0,196112,   281, , ,W,122621
ARMLP087078,                           "LAS LOMITAS", -24.7000,  -60.5833,   130.0,196201,  1808, , ,W,122621
ARMLP087078,                           "LAS LOMITAS", -24.7000,  -60.5833,   130.0,196202,  1936, , ,W,122621
ARMLP087078,                           "LAS LOMITAS", -24.7000,  -60.5833,   130.0,196203,  1540, , ,W,122621
ARMLP087078,                           "LAS LOMITAS", -24.7000,  -60.5833,   130.0,196204,  1671, , ,W,122621
ARMLP087078,                           "LAS LOMITAS", -24.7000,  -60.5833,   130.0,196205,   257, , ,W,122621
ARMLP087078,                           "LAS LOMITAS", -24.7000,  -60.5833,   130.0,196206,    19, , ,W,122621
ARMLP087078,                           "LAS LOMITAS", -24.7000,  -60.5833,   130.0,196207,   109, , ,W,122621
ARMLP087078,                           "LAS LOMITAS", -24.7000,  -60.5833,   130.0,196208,     2, , ,W,122621
ARMLP087078,                           "LAS LOMITAS", -24.7000,  -60.5833,   130.0,196209,   153, , ,W,122621
ARMLP087078,                           "LAS LOMITAS", -24.7000,  -60.5833,   130.0,196210,   483, , ,W,122621
ARMLP087078,                           "LAS LOMITAS", -24.7000,  -60.5833,   130.0,196211,   330, , ,W,122621
ARMLP087078,                           "LAS LOMITAS", -24.7000,  -60.5833,   130.0,196212,   886, , ,W,122621
ARMLP087078,                           "LAS LOMITAS", -24.7000,  -60.5833,   130.0,196301,  1092, , ,W,122621
ARMLP087078,                           "LAS LOMITAS", -24.7000,  -60.5833,   130.0,196302,  1465, , ,W,122621
ARMLP087078,                           "LAS LOMITAS", -24.7000,  -60.5833,   130.0,196303,   882, , ,W,122621
ARMLP087078,                           "LAS LOMITAS", -24.7000,  -60.5833,   130.0,196304,  1570, , ,W,122621
ARMLP087078,                           "LAS LOMITAS", -24.7000,  -60.5833,   130.0,196305,   666, , ,W,122621
ARMLP087078,                           "LAS LOMITAS", -24.7000,  -60.5833,   130.0,196306,   126, , ,W,122621
ARMLP087078,                           "LAS LOMITAS", -24.7000,  -60.5833,   130.0,196307,    77, , ,W,122621
ARMLP087078,                           "LAS LOMITAS", -24.7000,  -60.5833,   130.0,196308,     6, , ,W,122621
ARMLP087078,                           "LAS LOMITAS", -24.7000,  -60.5833,   130.0,196309,    42, , ,W,122621
ARMLP087078,                           "LAS LOMITAS", -24.7000,  -60.5833,   130.0,196310,    57, , ,W,122621
ARMLP087078,                           "LAS LOMITAS", -24.7000,  -60.5833,   130.0,196311,   644, , ,W,122621
ARMLP087078,                           "LAS LOMITAS", -24.7000,  -60.5833,   130.0,196312,   932, , ,W,122621
ARMLP087078,                           "LAS LOMITAS", -24.7000,  -60.5833,   130.0,196401,   443, , ,W,122621
ARMLP087078,                           "LAS LOMITAS", -24.7000,  -60.5833,   130.0,196402,   953, , ,W,122621
ARMLP087078,                           "LAS LOMITAS", -24.7000,  -60.5833,   130.0,196403,   982, , ,W,122621
ARMLP087078,                           "LAS LOMITAS", -24.7000,  -60.5833,   130.0,196404,   539, , ,W,122621
ARMLP087078,                           "LAS LOMITAS", -24.7000,  -60.5833,   130.0,196405,   414, , ,W,122621
ARMLP087078,                           "LAS LOMITAS", -24.7000,  -60.5833,   130.0,196406,   170, , ,W,122621
ARMLP087078,                           "LAS LOMITAS", -24.7000,  -60.5833,   130.0,196407,   156, , ,W,122621
ARMLP087078,                           "LAS LOMITAS", -24.7000,  -60.5833,   130.0,196408,    33, , ,W,122621
ARMLP087078,                           "LAS LOMITAS", -24.7000,  -60.5833,   130.0,196409,   743, , ,W,122621
ARMLP087078,                           "LAS LOMITAS", -24.7000,  -60.5833,   130.0,196410,   684, , ,W,122621
ARMLP087078,                           "LAS LOMITAS", -24.7000,  -60.5833,   130.0,196411,   607, , ,W,122621
ARMLP087078,                           "LAS LOMITAS", -24.7000,  -60.5833,   130.0,196412,  1701, , ,W,122621
ARMLP087078,                           "LAS LOMITAS", -24.7000,  -60.5833,   130.0,196501,  1342, , ,W,122621
ARMLP087078,                           "LAS LOMITAS", -24.7000,  -60.5833,   130.0,196502,  1107, , ,W,122621
ARMLP087078,                           "LAS LOMITAS", -24.7000,  -60.5833,   130.0,196503,   931, , ,W,122621
ARMLP087078,                           "LAS LOMITAS", -24.7000,  -60.5833,   130.0,196504,  1840, , ,W,122621
ARMLP087078,                           "LAS LOMITAS", -24.7000,  -60.5833,   130.0,196505,   828, , ,W,122621
ARMLP087078,                           "LAS LOMITAS", -24.7000,  -60.5833,   130.0,196506,    70, , ,W,122621
ARMLP087078,                           "LAS LOMITAS", -24.7000,  -60.5833,   130.0,196507,   286, , ,W,122621
ARMLP087078,                           "LAS LOMITAS", -24.7000,  -60.5833,   130.0,196508,    19, , ,W,122621
ARMLP087078,                           "LAS LOMITAS", -24.7000,  -60.5833,   130.0,196509,   963, , ,W,122621
ARMLP087078,                           "LAS LOMITAS", -24.7000,  -60.5833,   130.0,196510,   896, , ,W,122621
ARMLP087078,                           "LAS LOMITAS", -24.7000,  -60.5833,   130.0,196511,  1020, , ,W,122621
ARMLP087078,                           "LAS LOMITAS", -24.7000,  -60.5833,   130.0,196512,   946, , ,W,122621
ARMLP087078,                           "LAS LOMITAS", -24.7000,  -60.5833,   130.0,196601,  2018, , ,W,122621
ARMLP087078,                           "LAS LOMITAS", -24.7000,  -60.5833,   130.0,196602,   826, , ,W,122621
ARMLP087078,                           "LAS LOMITAS", -24.7000,  -60.5833,   130.0,196603,  1002, , ,W,122621
ARMLP087078,                           "LAS LOMITAS", -24.7000,  -60.5833,   130.0,196604,   803, , ,W,122621
ARMLP087078,                           "LAS LOMITAS", -24.7000,  -60.5833,   130.0,196605,   533, , ,W,122621
ARMLP087078,                           "LAS LOMITAS", -24.7000,  -60.5833,   130.0,196606,   125, , ,W,122621
ARMLP087078,                           "LAS LOMITAS", -24.7000,  -60.5833,   130.0,196607,    36, , ,W,122621
ARMLP087078,                           "LAS LOMITAS", -24.7000,  -60.5833,   130.0,196608,     3, , ,W,122621
ARMLP087078,                           "LAS LOMITAS", -24.7000,  -60.5833,   130.0,196609,    73, , ,W,122621
ARMLP087078,                           "LAS LOMITAS", -24.7000,  -60.5833,   130.0,196610,   100, , ,W,122621
ARMLP087078,                           "LAS LOMITAS", -24.7000,  -60.5833,   130.0,196611,   735, , ,W,122621
ARMLP087078,                           "LAS LOMITAS", -24.7000,  -60.5833,   130.0,196612,   916, , ,W,122621
ARMLP087078,                           "LAS LOMITAS", -24.7000,  -60.5833,   130.0,196701,  1358, , ,W,122621
ARMLP087078,                           "LAS LOMITAS", -24.7000,  -60.5833,   130.0,196702,   675, , ,W,122621
ARMLP087078,                           "LAS LOMITAS", -24.7000,  -60.5833,   130.0,196703,  2085, , ,W,122621
ARMLP087078,                           "LAS LOMITAS", -24.7000,  -60.5833,   130.0,196704,   791, , ,W,122621
ARMLP087078,                           "LAS LOMITAS", -24.7000,  -60.5833,   130.0,196705,   375, , ,W,122621
ARMLP087078,                           "LAS LOMITAS", -24.7000,  -60.5833,   130.0,196706,    27, , ,W,122621
ARMLP087078,                           "LAS LOMITAS", -24.7000,  -60.5833,   130.0,196707,   165, , ,W,122621
ARMLP087078,                           "LAS LOMITAS", -24.7000,  -60.5833,   130.0,196708,    33, , ,W,122621
ARMLP087078,                           "LAS LOMITAS", -24.7000,  -60.5833,   130.0,196709,   377, , ,W,122621
ARMLP087078,                           "LAS LOMITAS", -24.7000,  -60.5833,   130.0,196710,    99, , ,W,122621
ARMLP087078,                           "LAS LOMITAS", -24.7000,  -60.5833,   130.0,196711,  1040, , ,W,122621
ARMLP087078,                           "LAS LOMITAS", -24.7000,  -60.5833,   130.0,196712,  1614, , ,W,122621
ARMLP087078,                           "LAS LOMITAS", -24.7000,  -60.5833,   130.0,196801,  1120, , ,W,122621
ARMLP087078,                           "LAS LOMITAS", -24.7000,  -60.5833,   130.0,196802,   251, , ,W,122621
ARMLP087078,                           "LAS LOMITAS", -24.7000,  -60.5833,   130.0,196803,   243, , ,W,122621
ARMLP087078,                           "LAS LOMITAS", -24.7000,  -60.5833,   130.0,196804,   479, , ,W,122621
ARMLP087078,                           "LAS LOMITAS", -24.7000,  -60.5833,   130.0,196805,   518, , ,W,122621
ARMLP087078,                           "LAS LOMITAS", -24.7000,  -60.5833,   130.0,196806,   258, , ,W,122621
ARMLP087078,                           "LAS LOMITAS", -24.7000,  -60.5833,   130.0,196807,   458, , ,W,122621
ARMLP087078,                           "LAS LOMITAS", -24.7000,  -60.5833,   130.0,196808,   744, , ,W,122621
ARMLP087078,                           "LAS LOMITAS", -24.7000,  -60.5833,   130.0,196809,   132, , ,W,122621
ARMLP087078,                           "LAS LOMITAS", -24.7000,  -60.5833,   130.0,196810,   429, , ,W,122621
ARMLP087078,                           "LAS LOMITAS", -24.7000,  -60.5833,   130.0,196811,   727, , ,W,122621
ARMLP087078,                           "LAS LOMITAS", -24.7000,  -60.5833,   130.0,196812,  1155, , ,W,122621
ARMLP087078,                           "LAS LOMITAS", -24.7000,  -60.5833,   130.0,196901,   644, , ,W,122621
ARMLP087078,                           "LAS LOMITAS", -24.7000,  -60.5833,   130.0,196902,  1122, , ,W,122621
ARMLP087078,                           "LAS LOMITAS", -24.7000,  -60.5833,   130.0,196903,   229, , ,W,122621
ARMLP087078,                           "LAS LOMITAS", -24.7000,  -60.5833,   130.0,196904,   995, , ,W,122621
ARMLP087078,                           "LAS LOMITAS", -24.7000,  -60.5833,   130.0,196905,   155, , ,W,122621
ARMLP087078,                           "LAS LOMITAS", -24.7000,  -60.5833,   130.0,196906,     4, , ,W,122621
ARMLP087078,                           "LAS LOMITAS", -24.7000,  -60.5833,   130.0,196907,    91, , ,W,122621
ARMLP087078,                           "LAS LOMITAS", -24.7000,  -60.5833,   130.0,196908,     0, , ,W,122621
ARMLP087078,                           "LAS LOMITAS", -24.7000,  -60.5833,   130.0,196909,   190, , ,W,122621
ARMLP087078,                           "LAS LOMITAS", -24.7000,  -60.5833,   130.0,196910,   196, , ,W,122621
ARMLP087078,                           "LAS LOMITAS", -24.7000,  -60.5833,   130.0,196911,  2160, , ,W,122621
ARMLP087078,                           "LAS LOMITAS", -24.7000,  -60.5833,   130.0,196912,  1090, , ,W,122621
ARMLP087078,                           "LAS LOMITAS", -24.7000,  -60.5833,   130.0,197001,  1047, , ,W,122621
ARMLP087078,                           "LAS LOMITAS", -24.7000,  -60.5833,   130.0,197002,   481, , ,W,122621
ARMLP087078,                           "LAS LOMITAS", -24.7000,  -60.5833,   130.0,197003,  1046, , ,W,122621
ARMLP087078,                           "LAS LOMITAS", -24.7000,  -60.5833,   130.0,197004,  1089, , ,W,122621
ARMLP087078,                           "LAS LOMITAS", -24.7000,  -60.5833,   130.0,197005,   497, , ,W,122621
ARMLP087078,                           "LAS LOMITAS", -24.7000,  -60.5833,   130.0,197006,    91, , ,W,122621
ARMLP087078,                           "LAS LOMITAS", -24.7000,  -60.5833,   130.0,197007,   150, , ,W,122621
ARMLP087078,                           "LAS LOMITAS", -24.7000,  -60.5833,   130.0,197008,   244, , ,W,122621
ARMLP087078,                           "LAS LOMITAS", -24.7000,  -60.5833,   130.0,197009,   279, , ,W,122621
ARMLP087078,                           "LAS LOMITAS", -24.7000,  -60.5833,   130.0,197010,   672, , ,W,122621
ARMLP087078,                           "LAS LOMITAS", -24.7000,  -60.5833,   130.0,197011,   510, , ,W,122621
ARMLP087078,                           "LAS LOMITAS", -24.7000,  -60.5833,   130.0,197012,  3173, , ,W,122621
ARMLP087078,                           "LAS LOMITAS", -24.7000,  -60.5833,   130.0,197101,  1288, , ,W,122621
ARMLP087078,                           "LAS LOMITAS", -24.7000,  -60.5833,   130.0,197102,  1131, , ,W,122621
ARMLP087078,                           "LAS LOMITAS", -24.7000,  -60.5833,   130.0,197103,  1367, , ,W,122621
ARMLP087078,                           "LAS LOMITAS", -24.7000,  -60.5833,   130.0,197104,   178, , ,W,122621
ARMLP087078,                           "LAS LOMITAS", -24.7000,  -60.5833,   130.0,197105,    27, , ,W,122621
ARMLP087078,                           "LAS LOMITAS", -24.7000,  -60.5833,   130.0,197106,   104, , ,W,122621
ARMLP087078,                           "LAS LOMITAS", -24.7000,  -60.5833,   130.0,197107,    24, , ,W,122621
ARMLP087078,                           "LAS LOMITAS", -24.7000,  -60.5833,   130.0,197108,   144, , ,W,122621
ARMLP087078,                           "LAS LOMITAS", -24.7000,  -60.5833,   130.0,197109,    60, , ,W,122621
ARMLP087078,                           "LAS LOMITAS", -24.7000,  -60.5833,   130.0,197110,  1133, , ,W,122621
ARMLP087078,                           "LAS LOMITAS", -24.7000,  -60.5833,   130.0,197111,  1066, , ,W,122621
ARMLP087078,                           "LAS LOMITAS", -24.7000,  -60.5833,   130.0,197112,   130, , ,W,122621
ARMLP087078,                           "LAS LOMITAS", -24.7000,  -60.5833,   130.0,197201,  1490, , ,W,122621
ARMLP087078,                           "LAS LOMITAS", -24.7000,  -60.5833,   130.0,197202,   175, , ,W,122621
ARMLP087078,                           "LAS LOMITAS", -24.7000,  -60.5833,   130.0,197203,   788, , ,W,122621
ARMLP087078,                           "LAS LOMITAS", -24.7000,  -60.5833,   130.0,197204,  1160, , ,W,122621
ARMLP087078,                           "LAS LOMITAS", -24.7000,  -60.5833,   130.0,197205,    70, , ,W,122621
ARMLP087078,                           "LAS LOMITAS", -24.7000,  -60.5833,   130.0,197206,   787, , ,W,122621
ARMLP087078,                           "LAS LOMITAS", -24.7000,  -60.5833,   130.0,197207,   199, , ,W,122621
ARMLP087078,                           "LAS LOMITAS", -24.7000,  -60.5833,   130.0,197208,   208, , ,W,122621
ARMLP087078,                           "LAS LOMITAS", -24.7000,  -60.5833,   130.0,197209,   408, , ,W,122621
ARMLP087078,                           "LAS LOMITAS", -24.7000,  -60.5833,   130.0,197210,   353, , ,W,122621
ARMLP087078,                           "LAS LOMITAS", -24.7000,  -60.5833,   130.0,197211,   296, , ,W,122621
ARMLP087078,                           "LAS LOMITAS", -24.7000,  -60.5833,   130.0,197212,  2293, , ,W,122621
ARMLP087078,                           "LAS LOMITAS", -24.7000,  -60.5833,   130.0,197301,   492, , ,W,122621
ARMLP087078,                           "LAS LOMITAS", -24.7000,  -60.5833,   130.0,197302,   263, , ,W,122621
ARMLP087078,                           "LAS LOMITAS", -24.7000,  -60.5833,   130.0,197303,   814, , ,W,122621
ARMLP087078,                           "LAS LOMITAS", -24.7000,  -60.5833,   130.0,197304,  1507, , ,W,122621
ARMLP087078,                           "LAS LOMITAS", -24.7000,  -60.5833,   130.0,197305,   536, , ,W,122621
ARMLP087078,                           "LAS LOMITAS", -24.7000,  -60.5833,   130.0,197306,   980, , ,W,122621
ARMLP087078,                           "LAS LOMITAS", -24.7000,  -60.5833,   130.0,197307,   168, , ,W,122621
ARMLP087078,                           "LAS LOMITAS", -24.7000,  -60.5833,   130.0,197308,    75, , ,W,122621
ARMLP087078,                           "LAS LOMITAS", -24.7000,  -60.5833,   130.0,197309,    65, , ,W,122621
ARMLP087078,                           "LAS LOMITAS", -24.7000,  -60.5833,   130.0,197310,   489, , ,W,122621
ARMLP087078,                           "LAS LOMITAS", -24.7000,  -60.5833,   130.0,197311,  1211, , ,W,122621
ARMLP087078,                           "LAS LOMITAS", -24.7000,  -60.5833,   130.0,197312,  1019, , ,W,122621
ARMLP087078,                           "LAS LOMITAS", -24.7000,  -60.5833,   130.0,197401,   757, , ,W,122621
ARMLP087078,                           "LAS LOMITAS", -24.7000,  -60.5833,   130.0,197402,  2179, , ,W,122621
ARMLP087078,                           "LAS LOMITAS", -24.7000,  -60.5833,   130.0,197403,  1599, , ,W,122621
ARMLP087078,                           "LAS LOMITAS", -24.7000,  -60.5833,   130.0,197404,   806, , ,W,122621
ARMLP087078,                           "LAS LOMITAS", -24.7000,  -60.5833,   130.0,197405,   513, , ,W,122621
ARMLP087078,                           "LAS LOMITAS", -24.7000,  -60.5833,   130.0,197406,     4, , ,W,122621
ARMLP087078,                           "LAS LOMITAS", -24.7000,  -60.5833,   130.0,197407,   133, , ,W,122621
ARMLP087078,                           "LAS LOMITAS", -24.7000,  -60.5833,   130.0,197408,    45, , ,W,122621
ARMLP087078,                           "LAS LOMITAS", -24.7000,  -60.5833,   130.0,197409,    92, , ,W,122621
ARMLP087078,                           "LAS LOMITAS", -24.7000,  -60.5833,   130.0,197410,   760, , ,W,122621
ARMLP087078,                           "LAS LOMITAS", -24.7000,  -60.5833,   130.0,197411,   391, , ,W,122621
ARMLP087078,                           "LAS LOMITAS", -24.7000,  -60.5833,   130.0,197412,   857, , ,W,122621
ARMLP087078,                           "LAS LOMITAS", -24.7000,  -60.5833,   130.0,197501,  1242, , ,W,122621
ARMLP087078,                           "LAS LOMITAS", -24.7000,  -60.5833,   130.0,197502,   380, , ,W,122621
ARMLP087078,                           "LAS LOMITAS", -24.7000,  -60.5833,   130.0,197503,  1796, , ,W,122621
ARMLP087078,                           "LAS LOMITAS", -24.7000,  -60.5833,   130.0,197504,   610, , ,W,122621
ARMLP087078,                           "LAS LOMITAS", -24.7000,  -60.5833,   130.0,197505,   265, , ,W,122621
ARMLP087078,                           "LAS LOMITAS", -24.7000,  -60.5833,   130.0,197506,   323, , ,W,122621
ARMLP087078,                           "LAS LOMITAS", -24.7000,  -60.5833,   130.0,197507,    19, , ,W,122621
ARMLP087078,                           "LAS LOMITAS", -24.7000,  -60.5833,   130.0,197508,    38, , ,W,122621
ARMLP087078,                           "LAS LOMITAS", -24.7000,  -60.5833,   130.0,197509,   399, , ,W,122621
ARMLP087078,                           "LAS LOMITAS", -24.7000,  -60.5833,   130.0,197510,   436, , ,W,122621
ARMLP087078,                           "LAS LOMITAS", -24.7000,  -60.5833,   130.0,197511,  1141, , ,W,122621
ARMLP087078,                           "LAS LOMITAS", -24.7000,  -60.5833,   130.0,197512,  1274, , ,W,122621
ARMLP087078,                           "LAS LOMITAS", -24.7000,  -60.5833,   130.0,197601,  1308, , ,W,122621
ARMLP087078,                           "LAS LOMITAS", -24.7000,  -60.5833,   130.0,197602,  2535, , ,W,122621
ARMLP087078,                           "LAS LOMITAS", -24.7000,  -60.5833,   130.0,197603,   482, , ,W,122621
ARMLP087078,                           "LAS LOMITAS", -24.7000,  -60.5833,   130.0,197604,    96, , ,W,122621
ARMLP087078,                           "LAS LOMITAS", -24.7000,  -60.5833,   130.0,197605,     0, , ,W,122621
ARMLP087078,                           "LAS LOMITAS", -24.7000,  -60.5833,   130.0,197606,    99, , ,W,122621
ARMLP087078,                           "LAS LOMITAS", -24.7000,  -60.5833,   130.0,197607,     1, , ,W,122621
ARMLP087078,                           "LAS LOMITAS", -24.7000,  -60.5833,   130.0,197608,   394, , ,W,122621
ARMLP087078,                           "LAS LOMITAS", -24.7000,  -60.5833,   130.0,197609,   165, , ,W,122621
ARMLP087078,                           "LAS LOMITAS", -24.7000,  -60.5833,   130.0,197610,   371, , ,W,122621
ARMLP087078,                           "LAS LOMITAS", -24.7000,  -60.5833,   130.0,197611,   506, , ,W,122621
ARMLP087078,                           "LAS LOMITAS", -24.7000,  -60.5833,   130.0,197612,  1884, , ,W,122621
ARMLP087078,                           "LAS LOMITAS", -24.7000,  -60.5833,   130.0,197701,  1572, , ,W,122621
ARMLP087078,                           "LAS LOMITAS", -24.7000,  -60.5833,   130.0,197702,   276, , ,W,122621
ARMLP087078,                           "LAS LOMITAS", -24.7000,  -60.5833,   130.0,197703,  1693, , ,W,122621
ARMLP087078,                           "LAS LOMITAS", -24.7000,  -60.5833,   130.0,197704,   662, , ,W,122621
ARMLP087078,                           "LAS LOMITAS", -24.7000,  -60.5833,   130.0,197705,  1061, , ,W,122621
ARMLP087078,                           "LAS LOMITAS", -24.7000,  -60.5833,   130.0,197706,    35, , ,W,122621
ARMLP087078,                           "LAS LOMITAS", -24.7000,  -60.5833,   130.0,197707,   112, , ,W,122621
ARMLP087078,                           "LAS LOMITAS", -24.7000,  -60.5833,   130.0,197708,   316, , ,W,122621
ARMLP087078,                           "LAS LOMITAS", -24.7000,  -60.5833,   130.0,197709,   212, , ,W,122621
ARMLP087078,                           "LAS LOMITAS", -24.7000,  -60.5833,   130.0,197710,   150, , ,W,122621
ARMLP087078,                           "LAS LOMITAS", -24.7000,  -60.5833,   130.0,197711,   827, , ,W,122621
ARMLP087078,                           "LAS LOMITAS", -24.7000,  -60.5833,   130.0,197712,  2679, , ,W,122621
ARMLP087078,                           "LAS LOMITAS", -24.7000,  -60.5833,   130.0,197801,  1402, , ,W,122621
ARMLP087078,                           "LAS LOMITAS", -24.7000,  -60.5833,   130.0,197802,   801, , ,W,122621
ARMLP087078,                           "LAS LOMITAS", -24.7000,  -60.5833,   130.0,197803,   348, , ,W,122621
ARMLP087078,                           "LAS LOMITAS", -24.7000,  -60.5833,   130.0,197804,   376, , ,W,122621
ARMLP087078,                           "LAS LOMITAS", -24.7000,  -60.5833,   130.0,197805,   219, , ,W,122621
ARMLP087078,                           "LAS LOMITAS", -24.7000,  -60.5833,   130.0,197806,    10, , ,W,122621
ARMLP087078,                           "LAS LOMITAS", -24.7000,  -60.5833,   130.0,197807,     0, , ,W,122621
ARMLP087078,                           "LAS LOMITAS", -24.7000,  -60.5833,   130.0,197808,     2, , ,W,122621
ARMLP087078,                           "LAS LOMITAS", -24.7000,  -60.5833,   130.0,197809,   741, , ,W,122621
ARMLP087078,                           "LAS LOMITAS", -24.7000,  -60.5833,   130.0,197810,   571, , ,W,122621
ARMLP087078,                           "LAS LOMITAS", -24.7000,  -60.5833,   130.0,197811,   579, , ,W,122621
ARMLP087078,                           "LAS LOMITAS", -24.7000,  -60.5833,   130.0,197812,  1028, , ,W,122621
ARMLP087078,                           "LAS LOMITAS", -24.7000,  -60.5833,   130.0,197901,   373, , ,W,122621
ARMLP087078,                           "LAS LOMITAS", -24.7000,  -60.5833,   130.0,197902,  1620, , ,W,122621
ARMLP087078,                           "LAS LOMITAS", -24.7000,  -60.5833,   130.0,197903,   763, , ,W,122621
ARMLP087078,                           "LAS LOMITAS", -24.7000,  -60.5833,   130.0,197904,  1557, , ,W,122621
ARMLP087078,                           "LAS LOMITAS", -24.7000,  -60.5833,   130.0,197905,   371, , ,W,122621
ARMLP087078,                           "LAS LOMITAS", -24.7000,  -60.5833,   130.0,197906,   335, , ,W,122621
ARMLP087078,                           "LAS LOMITAS", -24.7000,  -60.5833,   130.0,197907,    60, , ,W,122621
ARMLP087078,                           "LAS LOMITAS", -24.7000,  -60.5833,   130.0,197908,   491, , ,W,122621
ARMLP087078,                           "LAS LOMITAS", -24.7000,  -60.5833,   130.0,197909,   428, , ,W,122621
ARMLP087078,                           "LAS LOMITAS", -24.7000,  -60.5833,   130.0,197910,   157, , ,W,122621
ARMLP087078,                           "LAS LOMITAS", -24.7000,  -60.5833,   130.0,197911,   882, , ,W,122621
ARMLP087078,                           "LAS LOMITAS", -24.7000,  -60.5833,   130.0,197912,  1316, , ,W,122621
ARMLP087078,                           "LAS LOMITAS", -24.7000,  -60.5833,   130.0,198001,   595, , ,W,122621
ARMLP087078,                           "LAS LOMITAS", -24.7000,  -60.5833,   130.0,198002,  1473, , ,W,122621
ARMLP087078,                           "LAS LOMITAS", -24.7000,  -60.5833,   130.0,198003,  1925, , ,W,122621
ARMLP087078,                           "LAS LOMITAS", -24.7000,  -60.5833,   130.0,198004,  1053, , ,W,122621
ARMLP087078,                           "LAS LOMITAS", -24.7000,  -60.5833,   130.0,198005,   602, , ,W,122621
ARMLP087078,                           "LAS LOMITAS", -24.7000,  -60.5833,   130.0,198006,   249, , ,W,122621
ARMLP087078,                           "LAS LOMITAS", -24.7000,  -60.5833,   130.0,198007,    10, , ,W,122621
ARMLP087078,                           "LAS LOMITAS", -24.7000,  -60.5833,   130.0,198008,   639, , ,W,122621
ARMLP087078,                           "LAS LOMITAS", -24.7000,  -60.5833,   130.0,198009,   327, , ,W,122621
ARMLP087078,                           "LAS LOMITAS", -24.7000,  -60.5833,   130.0,198010,   698, , ,W,122621
ARMLP087078,                           "LAS LOMITAS", -24.7000,  -60.5833,   130.0,198011,  4644, , ,W,122621
ARMLP087078,                           "LAS LOMITAS", -24.7000,  -60.5833,   130.0,198012,   509, , ,W,122621
ARMLP087078,                           "LAS LOMITAS", -24.7000,  -60.5833,   130.0,198101,  1880, , ,W,122621
ARMLP087078,                           "LAS LOMITAS", -24.7000,  -60.5833,   130.0,198102,  2472, , ,W,122621
ARMLP087078,                           "LAS LOMITAS", -24.7000,  -60.5833,   130.0,198103,   862, , ,W,122621
ARMLP087078,                           "LAS LOMITAS", -24.7000,  -60.5833,   130.0,198104,   323, , ,W,122621
ARMLP087078,                           "LAS LOMITAS", -24.7000,  -60.5833,   130.0,198105,  2001, , ,W,122621
ARMLP087078,                           "LAS LOMITAS", -24.7000,  -60.5833,   130.0,198106,    75, , ,W,122621
ARMLP087078,                           "LAS LOMITAS", -24.7000,  -60.5833,   130.0,198107,     7, , ,W,122621
ARMLP087078,                           "LAS LOMITAS", -24.7000,  -60.5833,   130.0,198108,   423, , ,W,122621
ARMLP087078,                           "LAS LOMITAS", -24.7000,  -60.5833,   130.0,198109,    30, , ,W,122621
ARMLP087078,                           "LAS LOMITAS", -24.7000,  -60.5833,   130.0,198110,     0, , ,W,122621
ARMLP087078,                           "LAS LOMITAS", -24.7000,  -60.5833,   130.0,198111,  1598, , ,W,122621
ARMLP087078,                           "LAS LOMITAS", -24.7000,  -60.5833,   130.0,198112,   552, , ,W,122621
ARMLP087078,                           "LAS LOMITAS", -24.7000,  -60.5833,   130.0,198201,  1246, , ,W,122621
ARMLP087078,                           "LAS LOMITAS", -24.7000,  -60.5833,   130.0,198202,  2222, , ,W,122621
ARMLP087078,                           "LAS LOMITAS", -24.7000,  -60.5833,   130.0,198203,  1923, , ,W,122621
ARMLP087078,                           "LAS LOMITAS", -24.7000,  -60.5833,   130.0,198204,  1647, , ,W,122621
ARMLP087078,                           "LAS LOMITAS", -24.7000,  -60.5833,   130.0,198205,   107, , ,W,122621
ARMLP087078,                           "LAS LOMITAS", -24.7000,  -60.5833,   130.0,198206,   179, , ,W,122621
ARMLP087078,                           "LAS LOMITAS", -24.7000,  -60.5833,   130.0,198207,   142, , ,W,122621
ARMLP087078,                           "LAS LOMITAS", -24.7000,  -60.5833,   130.0,198208,   421, , ,W,122621
ARMLP087078,                           "LAS LOMITAS", -24.7000,  -60.5833,   130.0,198209,  1268, , ,W,122621
ARMLP087078,                           "LAS LOMITAS", -24.7000,  -60.5833,   130.0,198210,   232, , ,W,122621
ARMLP087078,                           "LAS LOMITAS", -24.7000,  -60.5833,   130.0,198211,   752, , ,W,122621
ARMLP087078,                           "LAS LOMITAS", -24.7000,  -60.5833,   130.0,198212,   946, , ,W,122621
ARMLP087078,                           "LAS LOMITAS", -24.7000,  -60.5833,   130.0,198301,  1432, , ,W,122621
ARMLP087078,                           "LAS LOMITAS", -24.7000,  -60.5833,   130.0,198302,   457, , ,W,122621
ARMLP087078,                           "LAS LOMITAS", -24.7000,  -60.5833,   130.0,198303,  2270, , ,W,122621
ARMLP087078,                           "LAS LOMITAS", -24.7000,  -60.5833,   130.0,198304,   500, , ,W,122621
ARMLP087078,                           "LAS LOMITAS", -24.7000,  -60.5833,   130.0,198305,  1569, , ,W,122621
ARMLP087078,                           "LAS LOMITAS", -24.7000,  -60.5833,   130.0,198306,    29, , ,W,122621
ARMLP087078,                           "LAS LOMITAS", -24.7000,  -60.6000,   130.0,198307,   340, , ,R,078374
ARMLP087078,                           "LAS LOMITAS", -24.7000,  -60.5833,   130.0,198308,    37, , ,W,122621
ARMLP087078,                           "LAS LOMITAS", -24.7000,  -60.5833,   130.0,198309,   187, , ,W,122621
ARMLP087078,                           "LAS LOMITAS", -24.7000,  -60.5833,   130.0,198310,   354, , ,W,122621
ARMLP087078,                           "LAS LOMITAS", -24.7000,  -60.5833,   130.0,198311,   706, , ,W,122621
ARMLP087078,                           "LAS LOMITAS", -24.7000,  -60.5833,   130.0,198312,   765, , ,W,122621
ARMLP087078,                           "LAS LOMITAS", -24.7000,  -60.5833,   130.0,198401,   945, , ,W,122621
ARMLP087078,                           "LAS LOMITAS", -24.7000,  -60.5833,   130.0,198402,   180, , ,W,122621
ARMLP087078,                           "LAS LOMITAS", -24.7000,  -60.5833,   130.0,198403,  1190, , ,W,122621
ARMLP087078,                           "LAS LOMITAS", -24.7000,  -60.5833,   130.0,198404,   769, , ,W,122621
ARMLP087078,                           "LAS LOMITAS", -24.7000,  -60.5833,   130.0,198405,   343, , ,W,122621
ARMLP087078,                           "LAS LOMITAS", -24.7000,  -60.5833,   130.0,198406,   484, , ,W,122621
ARMLP087078,                           "LAS LOMITAS", -24.7000,  -60.5833,   130.0,198407,    41, , ,W,122621
ARMLP087078,                           "LAS LOMITAS", -24.7000,  -60.5833,   130.0,198408,    77, , ,W,122621
ARMLP087078,                           "LAS LOMITAS", -24.7000,  -60.5833,   130.0,198409,    45, , ,W,122621
ARMLP087078,                           "LAS LOMITAS", -24.7000,  -60.5833,   130.0,198410,   840, , ,W,122621
ARMLP087078,                           "LAS LOMITAS", -24.7000,  -60.5833,   130.0,198411,  2557, , ,W,122621
ARMLP087078,                           "LAS LOMITAS", -24.7000,  -60.5833,   130.0,198412,  2151, , ,W,122621
ARMLP087078,                           "LAS LOMITAS", -24.7000,  -60.5833,   130.0,198501,  1715, , ,W,122621
ARMLP087078,                           "LAS LOMITAS", -24.7000,  -60.5833,   130.0,198502,  2091, , ,W,122621
ARMLP087078,                           "LAS LOMITAS", -24.7000,  -60.5833,   130.0,198503,   473, , ,W,122621
ARMLP087078,                           "LAS LOMITAS", -24.7000,  -60.5833,   130.0,198504,  1152, , ,W,122621
ARMLP087078,                           "LAS LOMITAS", -24.7000,  -60.5833,   130.0,198505,   209, , ,W,122621
ARMLP087078,                           "LAS LOMITAS", -24.7000,  -60.5833,   130.0,198506,    32, , ,W,122621
ARMLP087078,                           "LAS LOMITAS", -24.7000,  -60.5833,   130.0,198507,    87, , ,W,122621
ARMLP087078,                           "LAS LOMITAS", -24.7000,  -60.5833,   130.0,198508,   460, , ,W,122621
ARMLP087078,                           "LAS LOMITAS", -24.7000,  -60.5833,   130.0,198509,   643, , ,W,122621
ARMLP087078,                           "LAS LOMITAS", -24.7000,  -60.5833,   130.0,198510,  1443, , ,W,122621
ARMLP087078,                           "LAS LOMITAS", -24.7000,  -60.5833,   130.0,198511,   616, , ,W,122621
ARMLP087078,                           "LAS LOMITAS", -24.7000,  -60.5833,   130.0,198512,   402, , ,W,122621
ARMLP087078,                           "LAS LOMITAS", -24.7000,  -60.5833,   130.0,198601,  1164, , ,W,122621
ARMLP087078,                           "LAS LOMITAS", -24.7000,  -60.5833,   130.0,198602,  2084, , ,W,122621
ARMLP087078,                           "LAS LOMITAS", -24.7000,  -60.5833,   130.0,198603,  1766, , ,W,122621
ARMLP087078,                           "LAS LOMITAS", -24.7000,  -60.5833,   130.0,198604,   572, , ,W,122621
ARMLP087078,                           "LAS LOMITAS", -24.7000,  -60.5833,   130.0,198605,   665, , ,W,122621
ARMLP087078,                           "LAS LOMITAS", -24.7000,  -60.5833,   130.0,198606,   690, , ,W,122621
ARMLP087078,                           "LAS LOMITAS", -24.7000,  -60.5833,   130.0,198607,   235, , ,W,122621
ARMLP087078,                           "LAS LOMITAS", -24.7000,  -60.5833,   130.0,198608,   689, , ,W,122621
ARMLP087078,                           "LAS LOMITAS", -24.7000,  -60.5833,   130.0,198609,   295, , ,W,122621
ARMLP087078,                           "LAS LOMITAS", -24.7000,  -60.5833,   130.0,198610,   727, , ,W,122621
ARMLP087078,                           "LAS LOMITAS", -24.7000,  -60.5833,   130.0,198611,  1588, , ,W,122621
ARMLP087078,                           "LAS LOMITAS", -24.7000,  -60.5833,   130.0,198612,  1002, , ,W,122621
ARMLP087078,                           "LAS LOMITAS", -24.7000,  -60.5833,   130.0,198701,  3175, , ,W,122621
ARMLP087078,                           "LAS LOMITAS", -24.7000,  -60.5833,   130.0,198702,  1194, , ,W,122621
ARMLP087078,                           "LAS LOMITAS", -24.7000,  -60.5833,   130.0,198703,   225, , ,W,122621
ARMLP087078,                           "LAS LOMITAS", -24.7000,  -60.5833,   130.0,198704,  1086, , ,W,122621
ARMLP087078,                           "LAS LOMITAS", -24.7000,  -60.5833,   130.0,198705,   121, , ,W,122621
ARMLP087078,                           "LAS LOMITAS", -24.7000,  -60.5833,   130.0,198706,    71, , ,W,122621
ARMLP087078,                           "LAS LOMITAS", -24.7000,  -60.5833,   130.0,198707,   486, , ,W,122621
ARMLP087078,                           "LAS LOMITAS", -24.7000,  -60.5833,   130.0,198708,    26, , ,W,122621
ARMLP087078,                           "LAS LOMITAS", -24.7000,  -60.5833,   130.0,198709,     9, , ,W,122621
ARMLP087078,                           "LAS LOMITAS", -24.7000,  -60.5833,   130.0,198710,   534, , ,W,122621
ARMLP087078,                           "LAS LOMITAS", -24.7000,  -60.5833,   130.0,198711,   708, , ,W,122621
ARMLP087078,                           "LAS LOMITAS", -24.7000,  -60.5833,   130.0,198712,  1663, , ,W,122621
ARMLP087078,                           "LAS LOMITAS", -24.7000,  -60.5833,   130.0,198801,  2792, , ,W,122621
ARMLP087078,                           "LAS LOMITAS", -24.7000,  -60.5833,   130.0,198802,   564, , ,W,122621
ARMLP087078,                           "LAS LOMITAS", -24.7000,  -60.5833,   130.0,198803,  1332, , ,W,122621
ARMLP087078,                           "LAS LOMITAS", -24.7000,  -60.5833,   130.0,198804,   437, , ,W,122621
ARMLP087078,                           "LAS LOMITAS", -24.7000,  -60.5833,   130.0,198805,   135, , ,W,122621
ARMLP087078,                           "LAS LOMITAS", -24.7000,  -60.5833,   130.0,198806,    31, , ,W,122621
ARMLP087078,                           "LAS LOMITAS", -24.7000,  -60.5833,   130.0,198807,    43, , ,W,122621
ARMLP087078,                           "LAS LOMITAS", -24.7000,  -60.5833,   130.0,198808,     0, , ,W,122621
ARMLP087078,                           "LAS LOMITAS", -24.7000,  -60.5833,   130.0,198809,     2, , ,W,122621
ARMLP087078,                           "LAS LOMITAS", -24.7000,  -60.5833,   130.0,198810,   873, , ,W,122621
ARMLP087078,                           "LAS LOMITAS", -24.7000,  -60.5833,   130.0,198811,   579, , ,W,122621
ARMLP087078,                           "LAS LOMITAS", -24.7000,  -60.5833,   130.0,198812,  1791, , ,W,122621
ARMLP087078,                           "LAS LOMITAS", -24.7000,  -60.5833,   130.0,198901,  1185, , ,W,122621
ARMLP087078,                           "LAS LOMITAS", -24.7000,  -60.5833,   130.0,198902,    56, , ,W,122621
ARMLP087078,                           "LAS LOMITAS", -24.7000,  -60.5833,   130.0,198903,  2014, , ,W,122621
ARMLP087078,                           "LAS LOMITAS", -24.7000,  -60.5833,   130.0,198904,  1172, , ,W,122621
ARMLP087078,                           "LAS LOMITAS", -24.7000,  -60.5833,   130.0,198905,   660, , ,W,122621
ARMLP087078,                           "LAS LOMITAS", -24.7000,  -60.5833,   130.0,198906,   549, , ,W,122621
ARMLP087078,                           "LAS LOMITAS", -24.7000,  -60.5833,   130.0,198907,    83, , ,W,122621
ARMLP087078,                           "LAS LOMITAS", -24.7000,  -60.5833,   130.0,198908,   134, , ,W,122621
ARMLP087078,                           "LAS LOMITAS", -24.7000,  -60.5833,   130.0,198909,   892, , ,W,122621
ARMLP087078,                           "LAS LOMITAS", -24.7000,  -60.5833,   130.0,198910,   651, , ,W,122621
ARMLP087078,                           "LAS LOMITAS", -24.7000,  -60.5833,   130.0,198911,   993, , ,W,122621
ARMLP087078,                           "LAS LOMITAS", -24.7000,  -60.5833,   130.0,198912,  1127, , ,W,122621
ARMLP087078,                           "LAS LOMITAS", -24.7000,  -60.5833,   130.0,199001,   466, , ,W,122621
ARMLP087078,                           "LAS LOMITAS", -24.7000,  -60.5833,   130.0,199002,   474, , ,W,122621
ARMLP087078,                           "LAS LOMITAS", -24.7000,  -60.5833,   130.0,199003,   581, , ,W,122621
ARMLP087078,                           "LAS LOMITAS", -24.7000,  -60.5833,   130.0,199004,   774, , ,W,122621
ARMLP087078,                           "LAS LOMITAS", -24.7000,  -60.5833,   130.0,199005,   639, , ,W,122621
ARMLP087078,                           "LAS LOMITAS", -24.7000,  -60.5833,   130.0,199006,   377, , ,W,122621
ARMLP087078,                           "LAS LOMITAS", -24.7000,  -60.5833,   130.0,199007,    55, , ,W,122621
ARMLP087078,                           "LAS LOMITAS", -24.7000,  -60.5833,   130.0,199008,   300, , ,W,122621
ARMLP087078,                           "LAS LOMITAS", -24.7000,  -60.5833,   130.0,199009,   182, , ,W,122621
ARMLP087078,                           "LAS LOMITAS", -24.7000,  -60.5833,   130.0,199010,   633, , ,W,122621
ARMLP087078,                           "LAS LOMITAS", -24.7000,  -60.5833,   130.0,199011,   447, , ,W,122621
ARMLP087078,                           "LAS LOMITAS", -24.7000,  -60.5833,   130.0,199012,  1700, , ,W,122621
ARMLP087078,                           "LAS LOMITAS", -24.7000,  -60.5800,   130.0,199101,  1060, , ,R,078378
ARMLP087078,                           "LAS LOMITAS", -24.7000,  -60.5800,   130.0,199102,  1730, , ,R,078378
ARMLP087078,                           "LAS LOMITAS", -24.7000,  -60.5800,   130.0,199103,  4080, , ,R,078378
ARMLP087078,                           "LAS LOMITAS", -24.7000,  -60.5800,   130.0,199104,   440, , ,R,078378
ARMLP087078,                           "LAS LOMITAS", -24.7000,  -60.5800,   130.0,199105,  1080, , ,R,078378
ARMLP087078,                           "LAS LOMITAS", -24.7000,  -60.5800,   130.0,199106,   140, , ,R,078378
ARMLP087078,                           "LAS LOMITAS", -24.7000,  -60.5800,   130.0,199107,    40, , ,R,078378
ARMLP087078,                           "LAS LOMITAS", -24.7000,  -60.5800,   130.0,199108,    25, , ,R,078375
ARMLP087078,                           "LAS LOMITAS", -24.7000,  -60.5800,   130.0,199109,   680, , ,R,078378
ARMLP087078,                           "LAS LOMITAS", -24.7000,  -60.5800,   130.0,199110,  1122, , ,R,078375
ARMLP087078,                           "LAS LOMITAS", -24.7000,  -60.5800,   130.0,199111,  1290, , ,R,078378
ARMLP087078,                           "LAS LOMITAS", -24.7000,  -60.5800,   130.0,199112,  3150, , ,R,078375
ARMLP087078,                           "LAS LOMITAS", -24.7000,  -60.5800,   130.0,199201,  1090, , ,R,078378
ARMLP087078,                           "LAS LOMITAS", -24.7000,  -60.5800,   130.0,199202,  2208, , ,R,078375
ARMLP087078,                           "LAS LOMITAS", -24.7000,  -60.5800,   130.0,199203,  3241, , ,R,078375
ARMLP087078,                           "LAS LOMITAS", -24.7000,  -60.5800,   130.0,199204,   619, , ,R,078375
ARMLP087078,                           "LAS LOMITAS", -24.7000,  -60.6000,   130.0,199205,   110, , ,R,078374
ARMLP087078,                           "LAS LOMITAS", -24.7000,  -60.5800,   130.0,199206,   440, , ,R,078378
ARMLP087078,                           "LAS LOMITAS", -24.7000,  -60.6000,   130.0,199207,    50, , ,R,078374
ARMLP087078,                           "LAS LOMITAS", -24.7000,  -60.5800,   130.0,199208,    76, , ,R,078375
ARMLP087078,                           "LAS LOMITAS", -24.7000,  -60.6000,   130.0,199209,   410, , ,R,078374
ARMLP087078,                           "LAS LOMITAS", -24.7000,  -60.5800,   130.0,199210,   240, , ,R,078378
ARMLP087078,                           "LAS LOMITAS", -24.7000,  -60.5800,   130.0,199211,  1710, , ,R,078378
ARMLP087078,                           "LAS LOMITAS", -24.7000,  -60.5800,   130.0,199212,  2870, , ,R,078378
ARMLP087078,                           "LAS LOMITAS", -24.7000,  -60.5800,   130.0,199301,   300, , ,R,078378
ARMLP087078,                           "LAS LOMITAS", -24.7000,  -60.5800,   130.0,199302,   230, , ,R,078378
ARMLP087078,                           "LAS LOMITAS", -24.7000,  -60.5800,   130.0,199303,  1480, , ,R,078378
ARMLP087078,                           "LAS LOMITAS", -24.7000,  -60.5800,   130.0,199304,   220, , ,R,078378
ARMLP087078,                           "LAS LOMITAS", -24.7000,  -60.5800,   130.0,199305,   140, , ,R,078378
ARMLP087078,                           "LAS LOMITAS", -24.7000,  -60.5800,   130.0,199306,    10, , ,R,078378
ARMLP087078,                           "LAS LOMITAS", -24.7000,  -60.5800,   130.0,199307,   110, , ,R,078378
ARMLP087078,                           "LAS LOMITAS", -24.7000,  -60.5800,   130.0,199308,    -1, , ,R,078378
ARMLP087078,                           "LAS LOMITAS", -24.7000,  -60.5800,   130.0,199309,   130, , ,R,078378
ARMLP087078,                           "LAS LOMITAS", -24.7000,  -60.5800,   130.0,199310,  1230, , ,R,078378
ARMLP087078,                           "LAS LOMITAS", -24.7000,  -60.5800,   130.0,199311,  1534, , ,R,078375
ARMLP087078,                           "LAS LOMITAS", -24.7000,  -60.5800,   130.0,199312,   430, , ,R,078378
ARMLP087078,                           "LAS LOMITAS", -24.7000,  -60.5800,   130.0,199401,   820, , ,R,078378
ARMLP087078,                           "LAS LOMITAS", -24.7000,  -60.5800,   130.0,199402,  1270, , ,R,078378
ARMLP087078,                           "LAS LOMITAS", -24.7000,  -60.5800,   130.0,199403,  1740, , ,R,078378
ARMLP087078,                           "LAS LOMITAS", -24.7000,  -60.5800,   130.0,199404,   890, , ,R,078378
ARMLP087078,                           "LAS LOMITAS", -24.7000,  -60.5800,   130.0,199405,   430, , ,R,078378
ARMLP087078,                           "LAS LOMITAS", -24.7000,  -60.5800,   130.0,199406,    40, , ,R,078378
ARMLP087078,                           "LAS LOMITAS", -24.7000,  -60.5800,   130.0,199407,   260, , ,R,078378
ARMLP087078,                           "LAS LOMITAS", -24.7000,  -60.5800,   130.0,199408,   270, , ,R,078378
ARMLP087078,                           "LAS LOMITAS", -24.7000,  -60.5800,   130.0,199409,    10, , ,R,078378
ARMLP087078,                           "LAS LOMITAS", -24.7000,  -60.5800,   130.0,199410,   760, , ,R,078378
ARMLP087078,                           "LAS LOMITAS", -24.7000,  -60.5800,   130.0,199411,  1390, , ,R,078378
ARMLP087078,                           "LAS LOMITAS", -24.7000,  -60.5800,   130.0,199412,   830, , ,R,078378
ARMLP087078,                           "LAS LOMITAS", -24.7000,  -60.5800,   130.0,199501,  1340, , ,R,078378
ARMLP087078,                           "LAS LOMITAS", -24.7000,  -60.5800,   130.0,199502,   950, , ,R,078378
ARMLP087078,                           "LAS LOMITAS", -24.7000,  -60.5800,   130.0,199503,  1400, , ,R,078378
ARMLP087078,                           "LAS LOMITAS", -24.7000,  -60.5800,   130.0,199504,   850, , ,R,078378
ARMLP087078,                           "LAS LOMITAS", -24.7000,  -60.5800,   130.0,199505,  1320, , ,R,078378
ARMLP087078,                           "LAS LOMITAS", -24.7000,  -60.5800,   130.0,199506,   660, , ,R,078378
ARMLP087078,                           "LAS LOMITAS", -24.7000,  -60.6000,   130.0,199507,    30, , ,R,078374
ARMLP087078,                           "LAS LOMITAS", -24.7000,  -60.5800,   130.0,199508,    30, , ,R,078378
ARMLP087078,                           "LAS LOMITAS", -24.7000,  -60.5800,   130.0,199509,    50, , ,R,078378
ARMLP087078,                           "LAS LOMITAS", -24.7000,  -60.5800,   130.0,199510,   440, , ,R,078378
ARMLP087078,                           "LAS LOMITAS", -24.7000,  -60.5800,   130.0,199511,  1180, , ,R,078378
ARMLP087078,                           "LAS LOMITAS", -24.7000,  -60.5800,   130.0,199512,   990, , ,R,078378
ARMLP087078,                           "LAS LOMITAS", -24.7000,  -60.5800,   130.0,199601,  1630, , ,R,078378
ARMLP087078,                           "LAS LOMITAS", -24.7000,  -60.5800,   130.0,199602,  1120, , ,R,078378
ARMLP087078,                           "LAS LOMITAS", -24.7000,  -60.5800,   130.0,199603,  2550, , ,R,078378
ARMLP087078,                           "LAS LOMITAS", -24.7000,  -60.5800,   130.0,199604,  1380, , ,R,078378
ARMLP087078,                           "LAS LOMITAS", -24.7000,  -60.5800,   130.0,199605,   550, , ,R,078378
ARMLP087078,                           "LAS LOMITAS", -24.7000,  -60.5800,   130.0,199607,     0, , ,R,078378
ARMLP087078,                           "LAS LOMITAS", -24.7000,  -60.5800,   130.0,199608,    30, , ,R,078378
ARMLP087078,                           "LAS LOMITAS", -24.7000,  -60.5800,   130.0,199609,   610, , ,R,078378
ARMLP087078,                           "LAS LOMITAS", -24.7000,  -60.5800,   130.0,199612,  1660, , ,R,078378
ARMLP087078,                           "LAS LOMITAS", -24.7000,  -60.5800,   130.0,199701,  1560, , ,R,078378
ARMLP087078,                           "LAS LOMITAS", -24.7000,  -60.5800,   130.0,199702,   380, , ,R,078378
ARMLP087078,                           "LAS LOMITAS", -24.7000,  -60.5800,   130.0,199704,    80, , ,R,078378
ARMLP087078,                           "LAS LOMITAS", -24.7000,  -60.5800,   130.0,199705,   600, , ,R,078378
ARMLP087078,                           "LAS LOMITAS", -24.7000,  -60.5800,   130.0,199708,   520, , ,R,078378
ARMLP087078,                           "LAS LOMITAS", -24.7000,  -60.5800,   130.0,199709,  1380, , ,R,078378
ARMLP087078,                           "LAS LOMITAS", -24.7000,  -60.5800,   130.0,199710,   360, , ,R,078378
ARMLP087078,                           "LAS LOMITAS", -24.7000,  -60.5800,   130.0,199712,   740, , ,R,078378
ARMLP087078,                           "LAS LOMITAS", -24.7000,  -60.5800,   130.0,199801,   750, , ,R,078378
ARMLP087078,                           "LAS LOMITAS", -24.7000,  -60.5800,   130.0,199802,  1200, , ,R,078378
ARMLP087078,                           "LAS LOMITAS", -24.7000,  -60.5800,   130.0,199803,  2520, , ,R,078378
ARMLP087078,                           "LAS LOMITAS", -24.7000,  -60.5800,   130.0,199804,  1460, , ,R,078378
ARMLP087078,                           "LAS LOMITAS", -24.7000,  -60.5800,   130.0,199806,   200, , ,R,078378
ARMLP087078,                           "LAS LOMITAS", -24.7000,  -60.5800,   130.0,199807,    20, , ,R,078378
ARMLP087078,                           "LAS LOMITAS", -24.7000,  -60.5800,   130.0,199808,   600, , ,R,078378
ARMLP087078,                           "LAS LOMITAS", -24.7000,  -60.5800,   130.0,199809,   320, , ,R,078378
ARMLP087078,                           "LAS LOMITAS", -24.7000,  -60.5800,   130.0,199810,   450, , ,R,078378
ARMLP087078,                           "LAS LOMITAS", -24.7000,  -60.5800,   130.0,199811,  1040, , ,R,078378
ARMLP087078,                           "LAS LOMITAS", -24.7000,  -60.5800,   130.0,199812,  1130, , ,R,078378
ARMLP087078,                           "LAS LOMITAS", -24.7000,  -60.5800,   130.0,199901,  2820, , ,R,078378
ARMLP087078,                           "LAS LOMITAS", -24.7000,  -60.5800,   130.0,199902,   800, , ,R,078378
ARMLP087078,                           "LAS LOMITAS", -24.7000,  -60.5800,   130.0,199903,  2100, , ,R,078378
ARMLP087078,                           "LAS LOMITAS", -24.7000,  -60.5800,   130.0,199904,   430, , ,R,078378
ARMLP087078,                           "LAS LOMITAS", -24.7000,  -60.5800,   130.0,199905,   200, , ,R,078378
ARMLP087078,                           "LAS LOMITAS", -24.7000,  -60.5800,   130.0,199907,   110, , ,R,078378
ARMLP087078,                           "LAS LOMITAS", -24.7000,  -60.5800,   130.0,199911,   930, , ,R,078378
ARMLP087078,                           "LAS LOMITAS", -24.7000,  -60.5800,   130.0,199912,  1840, , ,R,078378
ARMLP087078,                           "LAS LOMITAS", -24.7000,  -60.5800,   130.0,200003,  2790, , ,R,078378
ARMLP087078,                           "LAS LOMITAS", -24.7000,  -60.5800,   130.0,200004,  2090, , ,R,078378
ARMLP087078,                           "LAS LOMITAS", -24.7000,  -60.5800,   130.0,200005,   230, , ,R,078378
ARMLP087078,                           "LAS LOMITAS", -24.7000,  -60.5800,   130.0,200006,   290, , ,R,078378
ARMLP087078,                           "LAS LOMITAS", -24.7000,  -60.5800,   130.0,200007,    40, , ,R,078378
ARMLP087078,                           "LAS LOMITAS", -24.7000,  -60.5800,   130.0,200008,    50, , ,R,078378
ARMLP087078,                           "LAS LOMITAS", -24.7000,  -60.5800,   130.0,200010,  1030, , ,R,078378
ARMLP087078,                           "LAS LOMITAS", -24.7000,  -60.5800,   130.0,200011,  2110, , ,R,078378
ARMLP087078,                           "LAS LOMITAS", -24.7000,  -60.5800,   130.0,200102,  1810, , ,R,078378
ARMLP087078,                           "LAS LOMITAS", -24.7000,  -60.5800,   130.0,200103,  1360, , ,R,078378
ARMLP087078,                           "LAS LOMITAS", -24.7000,  -60.5800,   130.0,200107,    40, , ,R,078378
ARMLP087078,                           "LAS LOMITAS", -24.7000,  -60.5800,   130.0,200202,  2000, , ,R,078378
ARMLP087078,                           "LAS LOMITAS", -24.7000,  -60.5800,   130.0,200203,  1920, , ,R,078378
ARMLP087078,                           "LAS LOMITAS", -24.7000,  -60.5800,   130.0,200210,   790, , ,R,078378
ARMLP087078,                           "LAS LOMITAS", -24.7000,  -60.5800,   130.0,200211,   580, , ,R,078378
ARMLP087078,                           "LAS LOMITAS", -24.7000,  -60.5800,   130.0,200302,  3150, , ,R,078378
ARMLP087078,                           "LAS LOMITAS", -24.7000,  -60.6000,   130.0,200303,  3150, , ,R,078374
ARMLP087078,                           "LAS LOMITAS", -24.7000,  -60.6000,   130.0,200307,   280, , ,R,078374
ARMLP087078,                           "LAS LOMITAS", -24.7000,  -60.5800,   130.0,200308,   130, , ,R,078378
ARMLP087078,                           "LAS LOMITAS", -24.7000,  -60.5800,   130.0,200310,   770, , ,R,078378
ARMLP087078,                           "LAS LOMITAS", -24.7000,  -60.5800,   130.0,200311,   430, , ,R,078378
ARMLP087078,                           "LAS LOMITAS", -24.7000,  -60.5800,   130.0,200312,  2380, , ,R,078378
ARMLP087078,                           "LAS LOMITAS", -24.7000,  -60.5800,   130.0,200401,  1350, , ,R,078378
ARMLP087078,                           "LAS LOMITAS", -24.7000,  -60.5800,   130.0,200405,  2290, , ,R,078378
ARMLP087078,                           "LAS LOMITAS", -24.7000,  -60.5800,   130.0,200406,    80, , ,R,078378
ARMLP087078,                           "LAS LOMITAS", -24.7000,  -60.5800,   130.0,200510,   620, , ,R,078378
ARMLP087078,                           "LAS LOMITAS", -24.7000,  -60.5800,   130.0,200512,   950, , ,R,078378
ARMLP087078,                           "LAS LOMITAS", -24.7000,  -60.5800,   130.0,200602,   160, , ,R,078378
ARMLP087078,                           "LAS LOMITAS", -24.7000,  -60.5800,   130.0,200603,   840, , ,R,078378
ARMLP087078,                           "LAS LOMITAS", -24.7000,  -60.5800,   130.0,200604,   790, , ,R,078378
ARMLP087078,                           "LAS LOMITAS", -24.7000,  -60.5800,   130.0,200606,   170, , ,R,078378
ARMLP087078,                           "LAS LOMITAS", -24.7000,  -60.5800,   130.0,200607,    20, , ,R,078378
ARMLP087078,                           "LAS LOMITAS", -24.7000,  -60.5800,   130.0,200608,   640, , ,R,078378
ARMLP087078,                           "LAS LOMITAS", -24.7000,  -60.5800,   130.0,200610,  1840, , ,R,078378
ARMLP087078,                           "LAS LOMITAS", -24.7000,  -60.5800,   130.0,200611,  1120, , ,R,078378
ARMLP087078,                           "LAS LOMITAS", -24.7000,  -60.5800,   130.0,200612,  1670, , ,R,078378
ARMLP087078,                           "LAS LOMITAS", -24.7000,  -60.5800,   130.0,200701,  2120, , ,R,078378
ARMLP087078,                           "LAS LOMITAS", -24.7000,  -60.5800,   130.0,200702,  1550, , ,R,078378
ARMLP087078,                           "LAS LOMITAS", -24.7000,  -60.5800,   130.0,200703,   710, , ,R,078378
ARMLP087078,                           "LAS LOMITAS", -24.7000,  -60.5800,   130.0,200704,   910, , ,R,078378
ARMLP087078,                           "LAS LOMITAS", -24.7000,  -60.5800,   130.0,200706,    20, , ,R,078378
ARMLP087078,                           "LAS LOMITAS", -24.7000,  -60.5800,   130.0,200708,     0, , ,R,078378
ARMLP087078,                           "LAS LOMITAS", -24.7000,  -60.5800,   130.0,200710,   300, , ,R,078378
ARMLP087078,                           "LAS LOMITAS", -24.7000,  -60.5800,   130.0,200711,   240, , ,R,078378
ARMLP087078,                           "LAS LOMITAS", -24.7000,  -60.5800,   130.0,200712,  1630, , ,R,078378
ARMLP087078,                           "LAS LOMITAS", -24.7000,  -60.5800,   130.0,200801,  2610, , ,R,078378
ARMLP087078,                           "LAS LOMITAS", -24.7000,  -60.5800,   130.0,200802,  1370, , ,R,078378
ARMLP087078,                           "LAS LOMITAS", -24.7000,  -60.5800,   130.0,200803,  1030, , ,R,078378
ARMLP087078,                           "LAS LOMITAS", -24.7000,  -60.5800,   130.0,200805,   230, , ,R,078378
ARMLP087078,                           "LAS LOMITAS", -24.7000,  -60.5800,   130.0,200806,   160, , ,R,078378
ARMLP087078,                           "LAS LOMITAS", -24.7000,  -60.5800,   130.0,200807,    90, , ,R,078378
ARMLP087078,                           "LAS LOMITAS", -24.7000,  -60.5800,   130.0,200809,   100, , ,R,078378
ARMLP087078,                           "LAS LOMITAS", -24.7000,  -60.5800,   130.0,200810,  1190, , ,R,078378
ARMLP087078,                           "LAS LOMITAS", -24.7000,  -60.5800,   130.0,200811,  1620, , ,R,078378
ARMLP087078,                           "LAS LOMITAS", -24.7000,  -60.5800,   130.0,200812,   520, , ,R,078378
ARMLP087078,                           "LAS LOMITAS", -24.7025,  -60.5942,   130.0,200901,   510, , ,M,118216
ARMLP087078,                           "LAS LOMITAS", -24.7025,  -60.5942,   130.0,200902,  1430, , ,M,118216
ARMLP087078,                           "LAS LOMITAS", -24.7025,  -60.5942,   130.0,200903,   470, , ,M,118216
ARMLP087078,                           "LAS LOMITAS", -24.7025,  -60.5942,   130.0,200904,   620, , ,M,118216
ARMLP087078,                           "LAS LOMITAS", -24.7025,  -60.5942,   130.0,200905,  2690, , ,M,118216
ARMLP087078,                           "LAS LOMITAS", -24.7025,  -60.5942,   130.0,200907,   270, , ,M,118216
ARMLP087078,                           "LAS LOMITAS", -24.7025,  -60.5942,   130.0,200908,    60, , ,M,118216
ARMLP087078,                           "LAS LOMITAS", -24.7025,  -60.5942,   130.0,200909,    50, , ,M,118216
ARMLP087078,                           "LAS LOMITAS", -24.7025,  -60.5942,   130.0,200910,   150, , ,M,118216
ARMLP087078,                           "LAS LOMITAS", -24.7025,  -60.5942,   130.0,200911,   460, , ,M,118216
ARMLP087078,                           "LAS LOMITAS", -24.7025,  -60.5942,   130.0,200912,   940, , ,M,118216
ARMLP087078,                           "LAS LOMITAS", -24.7025,  -60.5942,   130.0,201001,  1280, , ,M,118216
ARMLP087078,                           "LAS LOMITAS", -24.7025,  -60.5942,   130.0,201002,  1000, , ,M,118216
ARMLP087078,                           "LAS LOMITAS", -24.7025,  -60.5942,   130.0,201003,  1380, , ,M,118216
ARMLP087078,                           "LAS LOMITAS", -24.7025,  -60.5942,   130.0,201004,   820, , ,M,118216
ARMLP087078,                           "LAS LOMITAS", -24.7025,  -60.5942,   130.0,201005,  1550, , ,M,118216
ARMLP087078,                           "LAS LOMITAS", -24.7025,  -60.5942,   130.0,201006,    70, , ,M,118216
ARMLP087078,                           "LAS LOMITAS", -24.7025,  -60.5942,   130.0,201007,   370, , ,M,118216
ARMLP087078,                           "LAS LOMITAS", -24.7025,  -60.5942,   130.0,201008,     0, , ,M,118216
ARMLP087078,                           "LAS LOMITAS", -24.7025,  -60.5942,   130.0,201009,   420, , ,M,118216
ARMLP087078,                           "LAS LOMITAS", -24.7025,  -60.5942,   130.0,201010,   780, , ,M,118216
ARMLP087078,                           "LAS LOMITAS", -24.7025,  -60.5942,   130.0,201011,   870, , ,M,118216
ARMLP087078,                           "LAS LOMITAS", -24.7025,  -60.5942,   130.0,201012,   640, , ,M,118216
ARMLP087078,                           "LAS LOMITAS", -24.7000,  -60.5833,   130.0,201101,   696, , ,W,122621
ARMLP087078,                           "LAS LOMITAS", -24.7000,  -60.5833,   130.0,201102,  3720, , ,W,122621
ARMLP087078,                           "LAS LOMITAS", -24.7000,  -60.5833,   130.0,201103,  1421, , ,W,122621
ARMLP087078,                           "LAS LOMITAS", -24.7000,  -60.5833,   130.0,201104,  1490, , ,W,122621
ARMLP087078,                           "LAS LOMITAS", -24.7000,  -60.5833,   130.0,201105,   500, , ,W,122621
ARMLP087078,                           "LAS LOMITAS", -24.7000,  -60.5833,   130.0,201106,   465, , ,W,122621
ARMLP087078,                           "LAS LOMITAS", -24.7000,  -60.5833,   130.0,201107,   370, , ,W,122621
ARMLP087078,                           "LAS LOMITAS", -24.7000,  -60.5833,   130.0,201108,    10, , ,W,122621
ARMLP087078,                           "LAS LOMITAS", -24.7000,  -60.5833,   130.0,201109,   660, , ,W,122621
ARMLP087078,                           "LAS LOMITAS", -24.7000,  -60.5833,   130.0,201110,   350, , ,W,122621
ARMLP087078,                           "LAS LOMITAS", -24.7000,  -60.5833,   130.0,201111,  1580, , ,W,122621
ARMLP087078,                           "LAS LOMITAS", -24.7000,  -60.5833,   130.0,201112,   345, , ,W,122621
ARMLP087078,                           "LAS LOMITAS", -24.7000,  -60.5833,   130.0,201201,  1380, , ,W,122621
ARMLP087078,                           "LAS LOMITAS", -24.7000,  -60.5833,   130.0,201202,   650, , ,W,122621
ARMLP087078,                           "LAS LOMITAS", -24.7000,  -60.5833,   130.0,201203,  1180, , ,W,122621
ARMLP087078,                           "LAS LOMITAS", -24.7000,  -60.5833,   130.0,201204,  1410, , ,W,122621
ARMLP087078,                           "LAS LOMITAS", -24.7000,  -60.5833,   130.0,201205,  1260, , ,W,122621
ARMLP087078,                           "LAS LOMITAS", -24.7000,  -60.5833,   130.0,201206,   155, , ,W,122621
ARMLP087078,                           "LAS LOMITAS", -24.7000,  -60.5833,   130.0,201207,    20, , ,W,122621
ARMLP087078,                           "LAS LOMITAS", -24.7000,  -60.5833,   130.0,201208,   225, , ,W,122621
ARMLP087078,                           "LAS LOMITAS", -24.7000,  -60.5833,   130.0,201209,     0, , ,W,122621
ARMLP087078,                           "LAS LOMITAS", -24.7000,  -60.5833,   130.0,201210,   175, , ,W,122621
ARMLP087078,                           "LAS LOMITAS", -24.7000,  -60.5833,   130.0,201211,   430, , ,W,122621
ARMLP087078,                           "LAS LOMITAS", -24.7000,  -60.5833,   130.0,201212,   300, , ,W,122621
ARMLP087078,                           "LAS LOMITAS", -24.7000,  -60.5833,   130.0,201301,   640, , ,W,122621
ARMLP087078,                           "LAS LOMITAS", -24.7000,  -60.5833,   130.0,201302,  1220, , ,W,122621
ARMLP087078,                           "LAS LOMITAS", -24.7000,  -60.5833,   130.0,201303,   170, , ,W,122621
ARMLP087078,                           "LAS LOMITAS", -24.7000,  -60.5833,   130.0,201304,   170, , ,W,122621
ARMLP087078,                           "LAS LOMITAS", -24.7000,  -60.5833,   130.0,201305,   310, , ,W,122621
ARMLP087078,                           "LAS LOMITAS", -24.7000,  -60.5833,   130.0,201306,   250, , ,W,122621
ARMLP087078,                           "LAS LOMITAS", -24.7000,  -60.5833,   130.0,201307,    90, , ,W,122621
ARMLP087078,                           "LAS LOMITAS", -24.7000,  -60.5833,   130.0,201308,   150, , ,W,122621
ARMLP087078,                           "LAS LOMITAS", -24.7000,  -60.5833,   130.0,201309,    55, , ,W,122621
ARMLP087078,                           "LAS LOMITAS", -24.7000,  -60.5833,   130.0,201310,   730, , ,W,122621
ARMLP087078,                           "LAS LOMITAS", -24.7000,  -60.5833,   130.0,201311,   715, , ,W,122621
ARMLP087078,                           "LAS LOMITAS", -24.7000,  -60.5833,   130.0,201312,   495, , ,W,122621
ARMLP087078,                           "LAS LOMITAS", -24.7000,  -60.5833,   130.0,201401,  1720, , ,W,122621
ARMLP087078,                           "LAS LOMITAS", -24.7000,  -60.5833,   130.0,201402,   330, , ,W,122621
ARMLP087078,                           "LAS LOMITAS", -24.7000,  -60.5833,   130.0,201403,  1784, , ,W,122621
ARMLP087078,                           "LAS LOMITAS", -24.7000,  -60.5833,   130.0,201404,  1480, , ,W,122621
ARMLP087078,                           "LAS LOMITAS", -24.7000,  -60.5833,   130.0,201405,  1055, , ,W,122621
ARMLP087078,                           "LAS LOMITAS", -24.7000,  -60.5833,   130.0,201406,   580, , ,W,122621
ARMLP087078,                           "LAS LOMITAS", -24.7000,  -60.5833,   130.0,201407,   110, , ,W,122621
ARMLP087078,                           "LAS LOMITAS", -24.7000,  -60.5833,   130.0,201408,    -1, , ,W,122621
ARMLP087078,                           "LAS LOMITAS", -24.7000,  -60.5833,   130.0,201409,   100, , ,W,122621
ARMLP087078,                           "LAS LOMITAS", -24.7000,  -60.5833,   130.0,201410,   260, , ,W,122621
ARMLP087078,                           "LAS LOMITAS", -24.7000,  -60.5833,   130.0,201411,  1710, , ,W,122621
ARMLP087078,                           "LAS LOMITAS", -24.7000,  -60.5833,   130.0,201412,  1250, , ,W,122621
ARMLP087078,                           "LAS LOMITAS", -24.7000,  -60.5833,   130.0,201501,  1960, , ,W,122621
ARMLP087078,                           "LAS LOMITAS", -24.7000,  -60.5833,   130.0,201502,  1480, , ,W,122621
ARMLP087078,                           "LAS LOMITAS", -24.7000,  -60.5833,   130.0,201503,   440, , ,W,122621
ARMLP087078,                           "LAS LOMITAS", -24.7000,  -60.5833,   130.0,201504,  2110, , ,W,122621
ARMLP087078,                           "LAS LOMITAS", -24.7000,  -60.5833,   130.0,201505,  2780, , ,W,122621
ARMLP087078,                           "LAS LOMITAS", -24.7000,  -60.5833,   130.0,201506,   148, , ,W,122621
ARMLP087078,                           "LAS LOMITAS", -24.7000,  -60.5833,   130.0,201507,    20, , ,W,122621
ARMLP087078,                           "LAS LOMITAS", -24.7000,  -60.5833,   130.0,201508,   220, , ,W,122621
ARMLP087078,                           "LAS LOMITAS", -24.7000,  -60.5833,   130.0,201509,    30, , ,W,122621
ARMLP087078,                           "LAS LOMITAS", -24.7000,  -60.5833,   130.0,201510,   860, , ,W,122621
ARMLP087078,                           "LAS LOMITAS", -24.7000,  -60.5833,   130.0,201511,  1150, , ,W,122621
ARMLP087078,                           "LAS LOMITAS", -24.7000,  -60.5833,   130.0,201512,  1600, , ,W,122621
ARMLP087078,                           "LAS LOMITAS", -24.7000,  -60.5833,   130.0,201601,   410, , ,W,122621
ARMLP087078,                           "LAS LOMITAS", -24.7000,  -60.5833,   130.0,201602,  2770, , ,W,122621
ARMLP087078,                           "LAS LOMITAS", -24.7000,  -60.5833,   130.0,201603,  1850, , ,W,122621
ARMLP087078,                           "LAS LOMITAS", -24.7000,  -60.5833,   130.0,201604,   830, , ,W,122621
ARMLP087078,                           "LAS LOMITAS", -24.7000,  -60.5833,   130.0,201605,    25, , ,W,122621
ARMLP087078,                           "LAS LOMITAS", -24.7000,  -60.5833,   130.0,201606,   140, , ,W,122621
ARMLP087078,                           "LAS LOMITAS", -24.7000,  -60.5833,   130.0,201607,    -1, , ,W,122621
ARMLP087078,                           "LAS LOMITAS", -24.7000,  -60.5833,   130.0,201608,   270, , ,W,122621
ARMLP087078,                           "LAS LOMITAS", -24.7000,  -60.5833,   130.0,201609,    83, , ,W,122621
ARMLP087078,                           "LAS LOMITAS", -24.7000,  -60.5833,   130.0,201610,   800, , ,W,122621
ARMLP087078,                           "LAS LOMITAS", -24.7000,  -60.5833,   130.0,201611,  1570, , ,W,122621
ARMLP087078,                           "LAS LOMITAS", -24.7000,  -60.5833,   130.0,201612,  2030, , ,W,122621
ARMLP087078,                           "LAS LOMITAS", -24.7025,  -60.5942,   130.0,201701,  1240, , ,M,118216
ARMLP087078,                           "LAS LOMITAS", -24.7025,  -60.5942,   130.0,201702,  1290, , ,M,118216
ARMLP087078,                           "LAS LOMITAS", -24.7025,  -60.5942,   130.0,201703,   910, , ,M,118216
ARMLP087078,                           "LAS LOMITAS", -24.7025,  -60.5942,   130.0,201704,  1280, , ,M,118216
ARMLP087078,                           "LAS LOMITAS", -24.7025,  -60.5942,   130.0,201705,   770, , ,M,118216
ARMLP087078,                           "LAS LOMITAS", -24.7025,  -60.5942,   130.0,201706,   130, , ,M,118216
ARMLP087078,                           "LAS LOMITAS", -24.7025,  -60.5942,   130.0,201707,   550, , ,M,118216
ARMLP087078,                           "LAS LOMITAS", -24.7025,  -60.5942,   130.0,201708,   320, , ,M,118216
ARMLP087078,                           "LAS LOMITAS", -24.7025,  -60.5942,   130.0,201709,   120, , ,M,118216
ARMLP087078,                           "LAS LOMITAS", -24.7025,  -60.5942,   130.0,201710,   510, , ,M,118216
ARMLP087078,                           "LAS LOMITAS", -24.7025,  -60.5942,   130.0,201711,   680, , ,M,118216
ARMLP087078,                           "LAS LOMITAS", -24.7025,  -60.5942,   130.0,201712,  1970, , ,M,118216
ARMLP087078,                           "LAS LOMITAS", -24.7025,  -60.5942,   130.0,201801,  1700, , ,M,118216
ARMLP087078,                           "LAS LOMITAS", -24.7025,  -60.5942,   130.0,201802,   330, , ,M,118216
ARMLP087078,                           "LAS LOMITAS", -24.7025,  -60.5942,   130.0,201803,  1290, , ,M,118216
ARMLP087078,                           "LAS LOMITAS", -24.7025,  -60.5942,   130.0,201804,     0, , ,M,118216
ARMLP087078,                           "LAS LOMITAS", -24.7025,  -60.5942,   130.0,201805,   750, , ,M,118216
ARMLP087078,                           "LAS LOMITAS", -24.7025,  -60.5942,   130.0,201806,     0, , ,M,118216
ARMLP087078,                           "LAS LOMITAS", -24.7025,  -60.5942,   130.0,201807,    10, , ,M,118216
ARMLP087078,                           "LAS LOMITAS", -24.7025,  -60.5942,   130.0,201808,   230, , ,M,118216
ARMLP087078,                           "LAS LOMITAS", -24.7025,  -60.5942,   130.0,201809,   200, , ,M,118216
ARMLP087078,                           "LAS LOMITAS", -24.7025,  -60.5942,   130.0,201810,  1240, , ,M,118216
ARMLP087078,                           "LAS LOMITAS", -24.7025,  -60.5942,   130.0,201811,  1780, , ,M,118216
ARMLP087078,                           "LAS LOMITAS", -24.7025,  -60.5942,   130.0,201812,   860, , ,M,118216
ARMLP087078,                           "LAS LOMITAS", -24.7025,  -60.5942,   130.0,201901,  1970, , ,M,118216
ARMLP087078,                           "LAS LOMITAS", -24.7025,  -60.5942,   130.0,201902,  1240, , ,M,118216
ARMLP087078,                           "LAS LOMITAS", -24.7025,  -60.5942,   130.0,201903,   810, , ,M,118216
ARMLP087078,                           "LAS LOMITAS", -24.7025,  -60.5942,   130.0,201904,  2840, , ,M,118216
ARMLP087078,                           "LAS LOMITAS", -24.7025,  -60.5942,   130.0,201905,  1360, , ,M,118216
ARMLP087078,                           "LAS LOMITAS", -24.7025,  -60.5942,   130.0,201906,    20, , ,M,118216
ARMLP087078,                           "LAS LOMITAS", -24.7025,  -60.5942,   130.0,201907,   840, , ,M,118216
ARMLP087078,                           "LAS LOMITAS", -24.7025,  -60.5942,   130.0,201908,     0, , ,M,118216
ARMLP087078,                           "LAS LOMITAS", -24.7025,  -60.5942,   130.0,201909,     0, , ,M,118216
ARMLP087078,                           "LAS LOMITAS", -24.7025,  -60.5942,   130.0,201910,   350, , ,M,118216
ARMLP087078,                           "LAS LOMITAS", -24.7025,  -60.5942,   130.0,201911,  2450, , ,M,118216
ARMLP087078,                           "LAS LOMITAS", -24.7025,  -60.5942,   130.0,201912,   850, , ,M,118216
ARMLP087078,                           "LAS LOMITAS", -24.7025,  -60.5942,   130.0,202001,   680, , ,M,118216
ARMLP087078,                           "LAS LOMITAS", -24.7025,  -60.5942,   130.0,202002,   160, , ,M,118216
ARMLP087078,                           "LAS LOMITAS", -24.7025,  -60.5942,   130.0,202003,  1580, , ,M,118216
ARMLP087078,                           "LAS LOMITAS", -24.7025,  -60.5942,   130.0,202004,    40, , ,M,118216
ARMLP087078,                           "LAS LOMITAS", -24.7025,  -60.5942,   130.0,202005,     0, , ,M,118216
ARMLP087078,                           "LAS LOMITAS", -24.7025,  -60.5942,   130.0,202006,    30, , ,M,118216
ARMLP087078,                           "LAS LOMITAS", -24.7025,  -60.5942,   130.0,202007,    70, , ,M,118216
ARMLP087078,                           "LAS LOMITAS", -24.7025,  -60.5942,   130.0,202008,    30, , ,M,118216
ARMLP087078,                           "LAS LOMITAS", -24.7025,  -60.5942,   130.0,202009,   370, , ,M,118216
ARMLP087078,                           "LAS LOMITAS", -24.7025,  -60.5942,   130.0,202010,   340, , ,M,118216
ARMLP087078,                           "LAS LOMITAS", -24.7025,  -60.5942,   130.0,202011,  1010, , ,M,118216
ARMLP087078,                           "LAS LOMITAS", -24.7025,  -60.5942,   130.0,202012,  2100, , ,M,118216
ARMLP087078,                           "LAS LOMITAS", -24.7025,  -60.5942,   130.0,202101,  1680, , ,M,118216
ARMLP087078,                           "LAS LOMITAS", -24.7025,  -60.5942,   130.0,202102,   340, , ,M,118216
ARMLP087078,                           "LAS LOMITAS", -24.7025,  -60.5942,   130.0,202103,  1640, , ,M,118216
ARMLP087078,                           "LAS LOMITAS", -24.7025,  -60.5942,   130.0,202104,   620, , ,M,118216
ARMLP087078,                           "LAS LOMITAS", -24.7025,  -60.5942,   130.0,202105,   110, , ,M,118216
ARMLP087078,                           "LAS LOMITAS", -24.7025,  -60.5942,   130.0,202106,     0, , ,M,118216
ARMLP087078,                           "LAS LOMITAS", -24.7025,  -60.5942,   130.0,202107,   120, , ,M,118216
ARMLP087078,                           "LAS LOMITAS", -24.7025,  -60.5942,   130.0,202108,     0, , ,M,118216
ARMLP087078,                           "LAS LOMITAS", -24.7025,  -60.5942,   130.0,202109,   290, , ,M,118216
ARMLP087078,                           "LAS LOMITAS", -24.7025,  -60.5942,   130.0,202110,  1370, , ,M,118216
ARMLP087078,                           "LAS LOMITAS", -24.7025,  -60.5942,   130.0,202111,  1650, , ,M,118216
ARMLP087078,                           "LAS LOMITAS", -24.7025,  -60.5942,   130.0,202112,    80, , ,M,118216
ARMLP087078,                           "LAS LOMITAS", -24.7025,  -60.5942,   130.0,202201,   320, , ,M,118216
ARMLP087078,                           "LAS LOMITAS", -24.7025,  -60.5942,   130.0,202202,   840, , ,M,118216
ARMLP087078,                           "LAS LOMITAS", -24.7025,  -60.5942,   130.0,202203,   460, , ,M,118216
ARMLP087078,                           "LAS LOMITAS", -24.7025,  -60.5942,   130.0,202204,   200, , ,M,118216
ARMLP087078,                           "LAS LOMITAS", -24.7025,  -60.5942,   130.0,202205,   560, , ,M,118216
ARMLP087078,                           "LAS LOMITAS", -24.7025,  -60.5942,   130.0,202206,   380, , ,M,118216
ARMLP087078,                           "LAS LOMITAS", -24.7025,  -60.5942,   130.0,202207,     0, , ,M,118216
ARMLP087078,                           "LAS LOMITAS", -24.7025,  -60.5942,   130.0,202208,     0, , ,M,118216
ARMLP087078,                           "LAS LOMITAS", -24.7025,  -60.5942,   130.0,202209,    50, , ,M,118216
ARMLP087078,                           "LAS LOMITAS", -24.7025,  -60.5942,   130.0,202210,  1400, , ,M,118216
ARMLP087078,                           "LAS LOMITAS", -24.7025,  -60.5942,   130.0,202211,   570, , ,M,118216
ARMLP087078,                           "LAS LOMITAS", -24.7025,  -60.5942,   130.0,202212,   510, , ,M,118216
ARMLP087078,                           "LAS LOMITAS", -24.7025,  -60.5942,   130.0,202301,   590, , ,M,118216
ARMLP087078,                           "LAS LOMITAS", -24.7025,  -60.5942,   130.0,202302,  1100, , ,M,118216
ARMLP087078,                           "LAS LOMITAS", -24.7025,  -60.5942,   130.0,202303,   940, , ,M,118216
ARMLP087078,                           "LAS LOMITAS", -24.7025,  -60.5942,   130.0,202304,   950, , ,M,118216
ARMLP087078,                           "LAS LOMITAS", -24.7025,  -60.5942,   130.0,202305,  1330, , ,M,118216
